день года,дата (ММ-ДД),n,mean,std,min,P1,P5,P25,P50,P75,P95,P99,max
1,01-01,2139,10.716222533894344,9.59918794990018,0.0,1.0,2.0,4.0,8.0,14.0,29.0,46.0,89.0
2,01-02,2139,10.686769518466573,9.475983516251377,0.0,1.0,2.0,4.0,8.0,14.0,29.0,45.61999999999989,89.0
3,01-03,2139,10.705002337540908,9.52866917450344,0.0,1.0,2.0,4.0,8.0,14.0,29.0,45.61999999999989,89.0
4,01-04,2139,10.689107059373539,9.502553843980916,0.0,1.0,2.0,4.0,8.0,14.0,29.0,46.0,89.0
5,01-05,2139,10.753623188405797,9.828586040942723,0.0,1.0,2.0,4.0,8.0,14.0,29.0,45.61999999999989,144.0
6,01-06,2139,10.807854137447405,9.98844112248214,0.0,1.0,2.0,5.0,8.0,14.0,29.0,47.61999999999989,144.0
7,01-07,2139,10.83356708742403,10.053708666132243,0.0,1.0,2.0,5.0,8.0,14.0,29.0,48.0,144.0
8,01-08,2139,10.864890135577372,10.10515232365066,0.0,1.0,2.0,5.0,8.0,14.0,29.0,48.0,144.0
9,01-09,2139,10.87798036465638,10.110085196136625,0.0,1.0,2.0,5.0,8.0,14.0,29.0,48.0,144.0
10,01-10,2139,10.971014492753623,10.187168025284285,0.0,1.0,2.0,5.0,8.0,14.0,29.0,49.23999999999978,144.0
11,01-11,2139,10.993922393641888,10.185990695581646,0.0,1.0,2.0,5.0,8.0,14.0,29.0,49.23999999999978,144.0
12,01-12,2139,10.98083216456288,10.128090172022688,0.0,1.0,2.0,5.0,8.0,14.0,29.0,48.0,144.0
13,01-13,2139,11.017297802711548,10.160046661660498,0.0,1.0,2.0,5.0,8.0,14.0,29.0,49.23999999999978,144.0
14,01-14,2139,11.018232819074333,10.095342703599181,0.0,1.0,2.0,5.0,8.0,14.0,29.0,48.0,144.0
15,01-15,2139,11.028985507246377,10.106916814355714,0.0,1.0,2.0,5.0,8.0,14.0,29.0,48.0,144.0
16,01-16,2139,11.059841047218326,10.088948198225198,0.0,1.0,2.0,5.0,8.0,14.0,29.0,47.61999999999989,144.0
17,01-17,2139,11.035530621785881,9.972443314727625,0.0,1.0,2.0,5.0,8.0,14.0,29.0,45.61999999999989,144.0
18,01-18,2139,11.101449275362318,10.073049036330982,0.0,1.0,2.0,5.0,8.0,14.0,29.0,47.61999999999989,144.0
19,01-19,2139,11.158017765310893,10.279958386679581,0.0,1.0,2.0,5.0,8.0,14.0,29.0,50.0,144.0
20,01-20,2139,11.200093501636278,10.266977770748408,0.0,1.0,2.0,5.0,8.0,14.0,29.0,51.85999999999967,144.0
21,01-21,2139,11.288452547919588,10.660528965273082,0.0,1.0,2.0,5.0,8.0,14.0,29.0,53.0,144.0
22,01-22,2139,11.437120149602618,10.810215274657336,0.0,1.0,2.0,5.0,8.0,15.0,30.0,53.61999999999989,144.0
23,01-23,2139,11.563814866760168,10.948515438375374,0.0,1.0,2.0,5.0,8.0,15.0,30.0,55.23999999999978,144.0
24,01-24,2139,11.760168302945301,11.773310304196578,0.0,1.0,2.0,5.0,9.0,15.0,30.0,57.23999999999978,202.0
25,01-25,2139,11.894810659186536,11.993826998125025,0.0,1.0,2.0,5.0,9.0,15.0,30.0,58.61999999999989,202.0
26,01-26,2139,11.888733052828425,11.862509796218323,0.0,1.0,2.0,5.0,9.0,15.0,30.0,58.0,202.0
27,01-27,2139,12.08835904628331,12.636722810753387,0.0,1.0,2.0,5.0,9.0,15.0,31.0,59.0,202.0
28,01-28,2139,12.227208976157083,12.759955053379297,0.0,1.0,2.0,5.0,9.0,15.0,32.0,59.61999999999989,202.0
29,01-29,2139,12.3356708742403,12.82203487190908,0.0,1.0,2.0,5.0,9.0,16.0,32.0,59.61999999999989,202.0
30,01-30,2139,12.398784478728377,12.793949488611393,0.0,1.0,2.0,5.0,9.0,16.0,32.0,59.0,202.0
31,01-31,2139,12.453015427769985,12.796822498833325,0.0,1.0,2.0,5.0,9.0,16.0,32.0,59.0,202.0
32,02-01,2139,12.531089294062646,12.934871080892174,0.0,1.0,2.0,5.0,9.0,16.0,33.0,59.61999999999989,202.0
33,02-02,2139,12.534361851332399,12.90785912264284,0.0,1.0,2.0,5.0,9.0,16.0,33.0,59.61999999999989,202.0
34,02-03,2139,12.581580177653109,12.93956800437519,0.0,1.0,2.0,5.0,9.0,16.0,33.0,59.61999999999989,202.0
35,02-04,2139,12.590930341280972,12.876637535588566,0.0,1.0,2.0,5.0,9.0,16.0,33.0,59.0,202.0
36,02-05,2139,12.579710144927537,12.632666598850117,0.0,1.0,2.0,5.0,9.0,16.0,33.0,59.0,202.0
37,02-06,2139,12.642356241234221,12.741023409201421,0.0,1.0,2.0,5.0,9.0,16.0,33.0,59.0,202.0
38,02-07,2139,12.7260402057036,12.917118314010269,0.0,1.0,2.0,5.0,9.0,16.0,34.0,59.0,202.0
39,02-08,2139,12.79523141654979,12.944985256577425,0.0,1.0,2.0,5.0,9.0,16.0,34.0,59.0,202.0
40,02-09,2139,12.843852267414679,12.988154757772223,0.0,1.0,2.0,5.0,9.0,16.0,34.09999999999991,59.0,202.0
41,02-10,2139,12.865357643758765,13.078435449546424,0.0,1.0,2.0,5.0,9.0,16.0,35.0,59.61999999999989,202.0
42,02-11,2139,12.921458625525947,13.180242978824955,0.0,1.0,2.0,5.0,9.0,16.5,35.0,60.0,202.0
43,02-12,2139,13.089294062646097,13.35984560783259,0.0,1.0,2.0,5.0,9.0,17.0,35.09999999999991,61.0,202.0
44,02-13,2156,13.210111317254174,13.383887871555423,0.0,1.0,2.0,5.0,9.0,17.0,36.0,61.0,202.0
45,02-14,2156,13.346938775510203,13.466715689425648,0.0,1.0,2.0,5.0,9.0,17.0,36.0,61.44999999999982,202.0
46,02-15,2156,13.472170686456401,13.708116217333771,0.0,1.0,2.0,5.0,9.0,17.0,36.0,63.0,202.0
47,02-16,2156,13.487012987012987,13.66986687914578,0.0,1.0,2.0,5.0,9.0,17.0,36.0,63.0,202.0
48,02-17,2156,13.48886827458256,13.668374811758177,1.0,1.0,3.0,5.0,9.5,17.0,36.0,63.0,202.0
49,02-18,2156,13.471243042671615,13.662814150792402,1.0,1.0,3.0,5.0,9.0,17.0,36.0,63.0,202.0
50,02-19,2156,13.544063079777365,13.56241589206841,1.0,1.0,3.0,5.0,10.0,17.0,36.0,63.0,202.0
51,02-20,2156,13.564007421150277,13.564525984568123,1.0,1.0,3.0,5.0,10.0,17.25,36.0,63.0,202.0
52,02-21,2156,13.591836734693878,13.628971739832943,1.0,1.0,3.0,5.0,10.0,18.0,36.0,63.0,202.0
53,02-22,2156,13.60899814471243,13.751277273491098,1.0,1.0,3.0,5.0,10.0,18.0,36.0,64.0,202.0
54,02-23,2156,13.645176252319109,13.801838537755938,1.0,1.0,2.75,5.0,10.0,18.0,36.0,64.0,202.0
55,02-24,2156,13.559369202226344,13.192302486371842,1.0,1.0,3.0,5.0,10.0,18.0,36.0,63.0,199.0
56,02-25,2156,13.609925788497216,13.101193647255549,1.0,1.0,3.0,5.0,10.0,18.0,37.0,62.44999999999982,199.0
57,02-26,2156,13.756029684601113,14.038952632024328,1.0,1.0,3.0,5.0,10.0,18.0,37.0,63.0,246.0
58,02-27,2156,13.691094619666048,13.786847173888141,1.0,1.0,3.0,5.0,10.0,18.0,37.0,63.44999999999982,246.0
59,02-28,2156,13.670222634508349,13.741034255463,1.0,1.0,2.0,5.0,10.0,18.0,37.0,63.44999999999982,246.0
60,03-01,2156,13.633116883116884,13.746846007463724,1.0,1.0,2.75,5.0,10.0,18.0,37.0,63.44999999999982,246.0
61,03-02,2156,13.654452690166975,13.940536083294647,0.0,1.0,3.0,5.0,9.0,18.0,37.0,64.0,246.0
62,03-03,2156,13.599721706864564,13.927381430793254,0.0,1.0,2.0,5.0,9.0,17.0,37.0,64.0,246.0
63,03-04,2156,13.578849721706865,13.932345572594878,0.0,1.0,2.0,5.0,9.0,17.0,37.0,64.0,246.0
64,03-05,2156,13.61595547309833,14.064749359269923,0.0,1.0,2.0,5.0,9.0,17.0,37.0,64.44999999999982,246.0
65,03-06,2156,13.660482374768089,14.13940328782131,0.0,1.0,2.0,5.0,9.0,18.0,37.0,65.0,246.0
66,03-07,2156,13.743506493506494,14.257804621244857,0.0,1.0,2.0,5.0,9.0,18.0,38.0,66.34999999999945,246.0
67,03-08,2156,13.796846011131725,14.31876121605341,0.0,1.0,2.0,5.0,9.5,18.0,38.0,67.44999999999982,246.0
68,03-09,2156,13.870593692022263,14.683748859723817,0.0,1.0,2.0,5.0,10.0,18.0,38.0,68.0,246.0
69,03-10,2156,13.913729128014843,14.766299399866627,0.0,1.0,3.0,5.0,10.0,18.0,38.0,68.0,246.0
70,03-11,2156,14.069573283858999,15.262826016438895,0.0,1.0,3.0,5.0,10.0,18.0,39.0,72.44999999999982,246.0
71,03-12,2156,14.289888682745826,15.73168023902899,0.0,1.0,3.0,5.0,10.0,18.0,39.0,73.44999999999982,246.0
72,03-13,2156,14.41465677179963,15.784413247019144,0.0,1.0,3.0,5.0,10.0,18.0,39.0,75.34999999999945,246.0
73,03-14,2156,14.519944341372913,15.876205289112745,0.0,1.0,3.0,5.0,10.0,18.0,40.0,75.34999999999945,246.0
74,03-15,2156,14.479591836734693,15.792037437349641,0.0,1.5500000000000007,3.0,5.0,10.0,18.0,39.0,73.44999999999982,246.0
75,03-16,2139,14.561944834034595,16.455805005714673,0.0,1.379999999999999,3.0,5.0,10.0,18.0,40.0,78.23999999999978,246.0
76,03-17,2139,14.676951846657316,17.353984908404794,0.0,1.0,3.0,5.0,10.0,18.0,40.0,80.0,246.0
77,03-18,2139,14.665264142122487,17.2518125717051,0.0,1.0,3.0,5.0,10.0,18.0,40.09999999999991,79.0,246.0
78,03-19,2139,14.814866760168304,17.467150610167433,0.0,1.0,3.0,5.0,10.0,18.0,42.0,79.61999999999989,246.0
79,03-20,2139,15.051893408134642,17.675873424656015,0.0,1.0,3.0,5.0,10.0,19.0,43.0,80.0,246.0
80,03-21,2139,15.185133239831696,17.771555867715133,0.0,1.0,3.0,5.0,10.0,19.0,44.0,80.0,246.0
81,03-22,2139,15.214118747078073,17.86410521683749,0.0,1.0,3.0,5.0,10.0,19.0,45.0,80.61999999999989,246.0
82,03-23,2139,15.264142122487144,17.96128983417916,0.0,1.0,3.0,5.0,10.0,19.0,45.0,81.61999999999989,246.0
83,03-24,2139,15.222533894343151,17.75519626263645,0.0,1.0,3.0,5.0,10.0,18.5,45.0,80.61999999999989,246.0
84,03-25,2139,15.225806451612904,17.666936444973555,0.0,1.379999999999999,3.0,6.0,10.0,18.0,45.0,80.0,246.0
85,03-26,2139,15.266947171575502,17.824875319396355,0.0,2.0,3.0,6.0,10.0,18.0,44.0,81.61999999999989,246.0
86,03-27,2139,15.330528284244973,17.91936147495972,0.0,2.0,3.0,6.0,10.0,18.0,45.0,82.61999999999989,246.0
87,03-28,2139,15.320710612435718,18.03289262245412,0.0,2.0,3.0,6.0,10.0,18.0,45.0,84.61999999999989,246.0
88,03-29,2139,15.24590930341281,17.48015916161627,0.0,1.379999999999999,3.0,6.0,10.0,18.0,45.0,84.61999999999989,241.0
89,03-30,2139,15.24310425432445,17.279596778316677,0.0,1.379999999999999,3.0,6.0,10.0,18.0,45.09999999999991,83.61999999999989,241.0
90,03-31,2139,15.235156615240767,17.302793918109302,0.0,2.0,3.0,6.0,10.0,18.0,46.0,83.61999999999989,241.0
91,04-01,2139,15.251519401589528,17.347689215669448,0.0,2.0,3.0,6.0,10.0,18.0,46.0,83.61999999999989,241.0
92,04-02,2139,15.269752220663861,17.351849888692502,0.0,2.0,3.0,6.0,10.0,18.0,46.0,83.61999999999989,241.0
93,04-03,2139,15.358111266947171,17.445567983538112,0.0,2.0,3.0,6.0,10.0,18.0,46.09999999999991,83.61999999999989,241.0
94,04-04,2139,15.35951379149135,17.426399200618544,0.0,2.0,3.0,6.0,10.0,18.0,46.09999999999991,83.61999999999989,241.0
95,04-05,2139,15.414212248714353,17.420768225047176,0.0,2.0,3.0,6.0,10.0,19.0,47.0,83.61999999999989,241.0
96,04-06,2139,15.405797101449275,17.483464968210413,0.0,2.0,3.0,6.0,10.0,18.5,46.09999999999991,86.23999999999978,241.0
97,04-07,2139,15.38429172510519,17.428540620432756,0.0,2.0,3.0,6.0,10.0,18.0,46.0,86.23999999999978,241.0
98,04-08,2139,15.361383824216924,17.371547147057772,0.0,2.0,3.0,6.0,10.0,18.0,46.0,86.23999999999978,241.0
99,04-09,2139,15.296400187003272,17.024223130309668,0.0,2.0,3.0,6.0,10.0,18.0,46.0,84.61999999999989,241.0
100,04-10,2139,15.24590930341281,17.02090625168984,0.0,2.0,3.0,6.0,10.0,18.0,46.0,84.61999999999989,241.0
101,04-11,2139,15.076671341748481,16.748391513458774,0.0,2.0,3.0,6.0,10.0,18.0,46.0,83.61999999999989,241.0
102,04-12,2139,14.87330528284245,16.323075107905403,0.0,2.0,3.0,6.0,10.0,18.0,45.09999999999991,81.09999999999945,241.0
103,04-13,2139,14.819541841982234,16.339967802256147,0.0,2.0,3.0,5.0,10.0,18.0,46.0,81.09999999999945,241.0
104,04-14,2139,14.763440860215054,16.294792207187843,0.0,2.0,3.0,5.0,10.0,18.0,46.0,81.09999999999945,241.0
105,04-15,2139,14.808321645628798,16.644770004723807,0.0,2.0,3.0,5.0,10.0,18.0,46.0,83.61999999999989,241.0
106,04-16,2139,14.712482468443199,16.078563210381695,0.0,2.0,3.0,5.0,10.0,18.0,45.09999999999991,81.09999999999945,241.0
107,04-17,2139,14.674614305750351,15.322194989216118,0.0,2.0,3.0,5.0,10.0,18.0,46.0,75.61999999999989,174.0
108,04-18,2139,14.681626928471248,15.531105635261229,0.0,2.0,3.0,5.0,10.0,18.0,46.0,83.0,174.0
109,04-19,2139,14.5273492286115,15.49418476371402,0.0,2.0,3.0,5.0,9.0,18.0,45.0,83.61999999999989,174.0
110,04-20,2139,14.313230481533427,15.286079796228234,0.0,2.0,3.0,5.0,9.0,17.0,44.0,83.0,174.0
111,04-21,2139,14.198223468910706,15.321010861894859,0.0,2.0,3.0,5.0,9.0,17.0,44.0,83.0,174.0
112,04-22,2139,14.091164095371669,15.249549104674708,0.0,2.0,3.0,5.0,9.0,17.0,44.0,80.33999999999924,174.0
113,04-23,2139,14.066386161757832,15.39499531688279,0.0,2.0,3.0,5.0,9.0,17.0,44.0,84.23999999999978,174.0
114,04-24,2139,14.060776063581113,15.434736908023229,0.0,2.0,3.0,5.0,9.0,17.0,44.0,85.0,174.0
115,04-25,2139,14.05890603085554,15.899276298903182,0.0,2.0,3.0,5.0,9.0,17.0,43.09999999999991,86.23999999999978,179.0
116,04-26,2139,14.084618980832165,16.64794888391298,0.0,2.0,3.0,5.0,9.0,16.0,44.0,85.0,271.0
117,04-27,2139,13.99111734455353,16.640995947709587,0.0,2.0,3.0,5.0,9.0,16.0,43.09999999999991,86.23999999999978,271.0
118,04-28,2139,13.905095839177186,16.452808814699562,0.0,2.0,3.0,5.0,9.0,16.0,43.0,84.23999999999978,271.0
119,04-29,2139,13.826554464703133,16.333387209900838,0.0,2.0,3.0,5.0,9.0,16.0,43.0,82.23999999999978,271.0
120,04-30,2139,13.827956989247312,16.531862369982363,0.0,2.0,3.0,5.0,9.0,16.0,43.0,85.0,271.0
121,05-01,2139,13.859280037400655,16.54964811717373,0.0,2.0,3.0,5.0,9.0,16.0,43.0,85.0,271.0
122,05-02,2139,13.85881252921926,16.553981789550992,0.0,2.0,3.0,5.0,9.0,16.0,43.0,85.0,271.0
123,05-03,2139,13.741935483870968,16.381352599732757,0.0,2.0,3.0,5.0,9.0,16.0,42.0,84.23999999999978,271.0
124,05-04,2139,13.57129499766246,16.235317573813298,0.0,2.0,3.0,5.0,9.0,16.0,42.0,84.23999999999978,271.0
125,05-05,2139,13.479195885928004,16.14880267939333,0.0,2.0,3.0,5.0,9.0,15.0,41.0,84.23999999999978,271.0
126,05-06,2139,13.327255726975222,16.052517309433206,0.0,2.0,3.0,5.0,8.0,15.0,40.0,84.23999999999978,271.0
127,05-07,2139,13.204301075268818,15.867077075079234,0.0,2.0,3.0,5.0,8.0,15.0,39.09999999999991,79.09999999999945,271.0
128,05-08,2139,13.166900420757363,15.888341333863083,0.0,2.0,3.0,5.0,8.0,15.0,39.0,79.85999999999967,271.0
129,05-09,2139,13.165030388031791,16.074120067847495,0.0,2.0,3.0,5.0,8.0,15.0,39.0,82.23999999999978,271.0
130,05-10,2139,13.105189340813464,16.159711135544644,0.0,2.0,3.0,5.0,8.0,15.0,39.0,84.23999999999978,271.0
131,05-11,2139,13.055633473585788,16.247362592572365,0.0,2.0,3.0,5.0,8.0,15.0,39.0,84.23999999999978,271.0
132,05-12,2139,12.982702197288452,16.06375219855515,0.0,2.0,3.0,5.0,8.0,15.0,39.0,82.23999999999978,271.0
133,05-13,2139,13.016830294530154,16.127523176017533,0.0,2.0,3.0,5.0,8.0,15.0,39.0,82.23999999999978,271.0
134,05-14,2139,13.034128097241702,16.207473080416726,0.0,2.0,3.0,5.0,8.0,15.0,39.09999999999991,82.23999999999978,271.0
135,05-15,2139,13.024310425432445,16.22192812909079,0.0,2.0,3.0,5.0,8.0,14.5,39.0,84.23999999999978,271.0
136,05-16,2139,12.93501636278635,15.879986746866285,1.0,2.0,3.0,5.0,8.0,14.0,39.0,82.23999999999978,271.0
137,05-17,2139,12.929873772791025,15.968858273185132,1.0,2.0,3.0,5.0,8.0,14.0,39.0,82.23999999999978,271.0
138,05-18,2139,12.75689574567555,15.82232360081718,1.0,2.0,3.0,5.0,8.0,14.0,39.0,81.61999999999989,271.0
139,05-19,2139,12.611500701262273,15.514412218148173,1.0,2.0,3.0,5.0,8.0,14.0,38.0,77.61999999999989,271.0
140,05-20,2139,12.560542309490415,15.361574614459412,1.0,2.0,3.0,5.0,8.0,14.0,38.0,73.61999999999989,271.0
141,05-21,2139,12.583450210378682,15.842062135707643,1.0,2.0,3.0,5.0,8.0,14.0,38.0,75.85999999999967,271.0
142,05-22,2139,12.509116409537167,15.629697755609941,1.0,2.0,3.0,5.0,8.0,14.0,38.0,73.61999999999989,271.0
143,05-23,2139,12.573632538569425,15.65255283134548,1.0,2.0,3.0,5.0,8.0,14.0,37.0,75.85999999999967,271.0
144,05-24,2139,12.515194015895279,15.350111997996017,1.0,2.0,3.0,5.0,8.0,14.0,37.0,72.61999999999989,271.0
145,05-25,2139,12.467975689574567,15.27172893136849,1.0,2.0,3.0,5.0,8.0,14.0,36.0,71.23999999999978,271.0
146,05-26,2139,12.473118279569892,14.991129343076807,1.0,2.0,3.0,5.0,8.0,14.0,36.09999999999991,71.23999999999978,271.0
147,05-27,2139,12.347826086956522,14.023787378503245,1.0,2.0,3.0,5.0,8.0,14.0,36.0,72.61999999999989,197.0
148,05-28,2139,12.359981299672745,14.05898995315539,1.0,2.0,3.0,5.0,8.0,14.0,36.0,72.61999999999989,197.0
149,05-29,2139,12.413744740532959,14.432754879991737,1.0,2.0,3.0,5.0,8.0,14.0,37.0,73.61999999999989,197.0
150,05-30,2139,12.391304347826088,14.41875854146004,1.0,2.0,3.0,5.0,8.0,14.0,36.09999999999991,73.61999999999989,197.0
151,05-31,2139,12.24590930341281,14.009662770332818,1.0,2.0,3.0,5.0,8.0,14.0,35.09999999999991,71.23999999999978,197.0
152,06-01,2139,12.15895278167368,13.970032674787353,1.0,2.0,3.0,5.0,8.0,14.0,35.0,72.61999999999989,197.0
153,06-02,2139,12.10612435717625,13.94203068869352,1.0,2.0,3.0,5.0,8.0,14.0,35.0,71.23999999999978,197.0
154,06-03,2139,12.17671809256662,14.16423116878938,1.0,2.0,3.0,5.0,8.0,14.0,35.0,72.61999999999989,197.0
155,06-04,2139,12.201028517999065,14.194222031256926,1.0,2.0,3.0,5.0,8.0,14.0,35.09999999999991,72.61999999999989,197.0
156,06-05,2139,12.146797568957457,14.166686201256045,1.0,2.0,3.0,5.0,8.0,14.0,35.0,72.61999999999989,197.0
157,06-06,2139,12.12669471715755,14.211924427943604,1.0,2.0,3.0,5.0,8.0,14.0,35.0,72.61999999999989,197.0
158,06-07,2139,12.088826554464703,14.218512599426903,1.0,2.0,3.0,5.0,8.0,14.0,35.0,72.61999999999989,197.0
159,06-08,2139,12.047685834502104,14.202714138117862,1.0,2.0,3.0,5.0,8.0,14.0,35.0,72.61999999999989,197.0
160,06-09,2139,11.941561477325854,13.917431498847082,1.0,2.0,3.0,5.0,8.0,14.0,34.0,70.0,197.0
161,06-10,2139,11.872370266479663,13.633347883070323,1.0,2.0,3.0,5.0,8.0,14.0,34.0,69.61999999999989,197.0
162,06-11,2139,11.889200561009817,13.274477726156539,1.0,2.0,3.0,5.0,8.0,14.0,34.0,68.23999999999978,197.0
163,06-12,2139,11.925666199158485,13.326215414405,1.0,2.0,3.0,5.0,8.0,14.0,34.0,68.23999999999978,197.0
164,06-13,2139,11.893408134642357,13.287454731922859,1.0,2.0,3.0,5.0,8.0,14.0,34.0,68.23999999999978,197.0
165,06-14,2139,11.87798036465638,13.206058380851355,1.0,2.0,3.0,5.0,8.0,14.0,33.09999999999991,68.23999999999978,197.0
166,06-15,2139,11.832632071061244,13.081383065994551,1.0,2.0,3.0,5.0,8.0,14.0,33.0,66.61999999999989,197.0
167,06-16,2139,11.742870500233755,12.933024905140064,1.0,2.0,3.0,5.0,8.0,14.0,33.0,66.0,197.0
168,06-17,2139,11.561477325853202,12.63598928928108,1.0,2.0,3.0,5.0,7.0,14.0,32.0,64.61999999999989,197.0
169,06-18,2139,11.406732117812062,12.409714032383269,1.0,2.0,3.0,5.0,7.0,13.0,32.0,62.61999999999989,197.0
170,06-19,2139,11.43010752688172,12.524891980311072,1.0,2.0,3.0,5.0,7.0,13.0,32.0,64.61999999999989,197.0
171,06-20,2139,11.42870500233754,12.530559044535691,1.0,2.0,3.0,5.0,8.0,14.0,32.0,65.61999999999989,197.0
172,06-21,2139,11.372136512388966,12.089891318519372,1.0,2.0,3.0,5.0,8.0,14.0,32.0,65.61999999999989,130.0
173,06-22,2139,11.2945301542777,12.02411137858915,1.0,2.0,3.0,5.0,8.0,14.0,31.0,65.61999999999989,130.0
174,06-23,2139,11.278634876110331,12.617602698410227,1.0,2.0,3.0,5.0,7.0,13.0,31.0,66.0,200.0
175,06-24,2139,11.301542776998598,12.929695932533798,1.0,2.0,3.0,5.0,7.0,13.0,31.09999999999991,68.61999999999989,200.0
176,06-25,2139,11.274427302477793,12.904591810326062,1.0,2.0,3.0,5.0,7.0,13.0,31.0,68.61999999999989,200.0
177,06-26,2139,11.152875175315568,12.565655633710145,1.0,2.0,3.0,5.0,7.0,13.0,30.0,66.61999999999989,200.0
178,06-27,2139,11.086021505376344,12.302664462353311,1.0,2.0,3.0,5.0,7.0,13.0,29.0,65.61999999999989,200.0
179,06-28,2139,11.168302945301543,12.840523780361082,1.0,2.0,3.0,5.0,7.0,13.0,29.0,66.61999999999989,200.0
180,06-29,2139,11.248246844319775,13.017531190672237,1.0,2.0,3.0,5.0,8.0,13.0,29.0,65.61999999999989,200.0
181,06-30,2139,11.4520804114072,14.363773132357462,1.0,2.0,3.0,5.0,8.0,13.0,30.0,71.09999999999945,236.0
182,07-01,2139,11.56428237494156,14.555913150960336,1.0,2.0,3.0,5.0,8.0,13.0,31.09999999999991,73.0,236.0
183,07-02,2139,11.638616175783076,14.679132052754612,1.0,2.0,3.0,5.0,8.0,13.0,31.09999999999991,73.0,236.0
184,07-03,2139,11.665731650303881,14.86093941085299,1.0,2.0,3.0,5.0,8.0,14.0,31.0,74.61999999999989,236.0
185,07-04,2139,11.56100981767181,14.629774543352775,1.0,2.0,3.0,5.0,7.0,13.0,31.0,73.61999999999989,236.0
186,07-05,2139,11.56989247311828,14.629926609785263,1.0,2.0,3.0,5.0,7.0,14.0,31.0,73.61999999999989,236.0
187,07-06,2139,11.63160355306218,14.67722097430041,1.0,2.0,3.0,5.0,7.0,14.0,31.0,73.61999999999989,236.0
188,07-07,2139,11.66853669939224,14.591538620299884,1.0,2.0,3.0,5.0,8.0,14.0,31.0,73.61999999999989,236.0
189,07-08,2139,11.756428237494156,14.638009698342916,1.0,2.0,3.0,5.0,8.0,14.0,31.0,74.61999999999989,236.0
190,07-09,2139,11.781206171107995,14.613473358374481,1.0,2.0,3.0,5.0,8.0,14.0,31.0,74.61999999999989,236.0
191,07-10,2139,11.941561477325854,15.282339618081041,1.0,2.0,3.0,5.0,8.0,14.0,32.0,77.61999999999989,236.0
192,07-11,2139,12.006077606358112,15.400802419036328,1.0,2.0,3.0,5.0,8.0,14.0,33.0,78.0,236.0
193,07-12,2139,12.076203833567087,15.981259177240831,1.0,2.0,3.0,5.0,8.0,14.0,33.0,81.61999999999989,236.0
194,07-13,2139,12.081346423562412,16.011803494078197,1.0,2.0,3.0,5.0,8.0,14.0,33.0,85.09999999999945,236.0
195,07-14,2139,12.087424029920523,16.06538690947627,1.0,2.0,3.0,5.0,8.0,14.0,33.0,85.09999999999945,236.0
196,07-15,2139,11.959794296400187,15.881673995539753,1.0,2.0,3.0,5.0,8.0,14.0,31.0,81.61999999999989,236.0
197,07-16,2139,11.910705937353903,15.84519274810266,1.0,2.0,3.0,5.0,8.0,14.0,31.0,81.61999999999989,236.0
198,07-17,2139,11.946236559139784,15.931694957271603,1.0,2.0,3.0,5.0,8.0,14.0,32.0,81.61999999999989,236.0
199,07-18,2139,12.035063113604489,16.000794681306907,1.0,2.0,3.0,5.0,8.0,14.0,33.0,81.61999999999989,236.0
200,07-19,2139,12.111734455352968,16.022702197758047,1.0,2.0,3.0,5.0,8.0,14.0,33.0,81.61999999999989,236.0
201,07-20,2139,12.168770453482935,16.16006919023136,1.0,2.0,3.0,5.0,8.0,14.0,34.0,85.09999999999945,236.0
202,07-21,2139,12.254324450677887,16.535355542818646,1.0,2.0,3.0,5.0,8.0,14.0,34.0,90.09999999999945,236.0
203,07-22,2139,12.291725105189341,16.46917867921174,1.0,2.0,3.0,5.0,8.0,14.0,34.0,87.0,236.0
204,07-23,2139,12.377746610565685,16.60495125956099,1.0,2.0,3.0,5.0,8.0,14.0,34.0,90.09999999999945,236.0
205,07-24,2139,12.282842449742871,16.093998328196196,1.0,2.0,3.0,5.0,8.0,14.0,34.0,87.0,236.0
206,07-25,2139,12.224871435250117,15.831237501905596,1.0,2.0,3.0,5.0,8.0,14.0,33.0,80.47999999999956,236.0
207,07-26,2139,12.206638616175782,15.796866892403077,1.0,2.0,3.0,5.0,8.0,14.0,33.0,80.47999999999956,236.0
208,07-27,2139,12.19588592800374,15.775360057298295,1.0,2.0,3.0,5.0,8.0,14.0,33.0,80.47999999999956,236.0
209,07-28,2139,12.269284712482468,16.127834911611874,1.0,2.0,3.0,5.0,8.0,14.0,32.09999999999991,90.09999999999945,236.0
210,07-29,2139,12.088826554464703,15.549449214881518,1.0,2.0,3.0,5.0,8.0,14.0,32.0,78.0,236.0
211,07-30,2139,11.879850397381954,15.037591212129323,1.0,2.0,3.0,5.0,8.0,14.0,32.0,77.0,236.0
212,07-31,2139,11.652173913043478,13.744243073956733,1.0,2.0,3.0,5.0,8.0,14.0,31.0,74.61999999999989,186.0
213,08-01,2139,11.609630668536699,13.893134860859652,1.0,2.0,3.0,5.0,8.0,14.0,30.0,75.0,186.0
214,08-02,2139,11.747078073866293,14.30916433366925,1.0,2.0,3.0,5.0,8.0,14.0,31.0,77.61999999999989,186.0
215,08-03,2139,11.799438990182328,14.178287451073576,1.0,2.0,3.0,5.0,8.0,14.0,30.09999999999991,77.0,186.0
216,08-04,2139,11.919588592800373,14.246397953456567,1.0,2.0,3.0,5.0,8.0,14.0,31.0,77.0,186.0
217,08-05,2139,12.03225806451613,14.366979182470343,1.0,2.0,3.0,5.0,8.0,14.0,32.0,77.0,186.0
218,08-06,2139,12.084151472650772,14.413622154678228,1.0,2.0,3.0,5.0,8.0,14.0,32.0,77.0,186.0
219,08-07,2139,12.1575502571295,14.509728770101843,1.0,2.0,3.0,5.0,8.0,14.0,33.0,77.0,186.0
220,08-08,2139,12.221598877980364,14.588027725323172,1.0,2.0,3.0,5.0,8.0,14.0,33.0,77.0,186.0
221,08-09,2139,12.266947171575502,14.76289962741992,1.0,2.0,3.0,5.0,8.0,14.0,33.0,77.61999999999989,186.0
222,08-10,2139,12.110331930808789,14.085366515989934,1.0,2.0,3.0,5.0,8.0,14.0,32.0,76.23999999999978,186.0
223,08-11,2139,12.076203833567087,14.065970765331294,1.0,2.0,3.0,5.0,8.0,14.0,32.0,75.0,186.0
224,08-12,2139,12.119214586255259,13.73824185208542,1.0,2.0,3.0,5.0,8.0,14.0,32.0,74.61999999999989,182.0
225,08-13,2139,12.151940158952781,13.8429589118492,1.0,2.0,3.0,5.0,8.0,14.0,32.0,74.61999999999989,182.0
226,08-14,2139,12.22066386161758,13.840394619593045,1.0,2.0,3.0,5.0,8.0,14.5,32.09999999999991,74.61999999999989,182.0
227,08-15,2139,12.338475923328659,13.982063604275602,1.0,2.0,3.0,5.0,8.0,15.0,34.0,76.23999999999978,182.0
228,08-16,2139,12.464703132304816,14.05601657671568,1.0,2.0,3.0,5.0,8.0,15.0,34.0,76.23999999999978,182.0
229,08-17,2139,12.515661524076672,14.018099774926217,1.0,2.0,3.0,5.0,8.0,15.0,34.0,75.85999999999967,182.0
230,08-18,2139,12.554932211313698,13.99081443057752,1.0,2.0,3.0,5.0,8.0,15.0,34.0,75.85999999999967,182.0
231,08-19,2138,12.679607109448082,14.19480634999923,1.0,2.0,3.0,5.0,8.0,15.0,35.0,77.0,182.0
232,08-20,2137,12.8872250818905,14.638749518798631,1.0,2.0,3.0,5.0,8.0,15.0,35.0,77.63999999999987,182.0
233,08-21,2136,12.92134831460674,14.425854790089769,1.0,2.0,3.0,5.0,9.0,15.0,36.0,77.65000000000009,144.0
234,08-22,2135,12.955035128805621,14.823985784278966,1.0,2.0,3.0,5.0,9.0,15.0,35.299999999999955,77.65999999999985,199.0
235,08-23,2134,13.002811621368322,14.829931074132217,1.0,2.0,3.0,5.0,9.0,15.0,36.0,77.67000000000007,199.0
236,08-24,2133,13.112986404125644,14.959541595420784,1.0,2.0,3.0,5.0,9.0,15.0,36.0,80.71999999999935,199.0
237,08-25,2132,13.189024390243903,15.076977877844595,1.0,2.0,3.0,5.0,9.0,15.0,36.0,82.0,199.0
238,08-26,2131,13.277334584702018,15.20271620252379,1.0,2.0,3.0,5.0,9.0,15.5,37.0,83.39999999999964,199.0
239,08-27,2130,13.372300469483568,15.378881253173173,1.0,2.0,3.0,5.0,9.0,16.0,37.0,84.71000000000004,199.0
240,08-28,2129,13.408172851103805,15.198441405059954,1.0,2.0,3.0,5.0,9.0,16.0,37.0,83.4399999999996,199.0
241,08-29,2128,13.5578007518797,15.29104710398245,1.0,2.0,3.0,5.0,9.0,16.0,38.0,84.73000000000002,199.0
242,08-30,2127,13.680771039022098,15.365509805962473,1.0,2.0,3.0,5.0,9.0,16.0,38.0,84.73999999999978,199.0
243,08-31,2126,13.817027281279397,15.401082064542893,1.0,2.0,3.0,5.0,9.0,16.0,38.0,84.75,199.0
244,09-01,2125,13.84,15.201682432411701,1.0,2.0,3.0,5.0,9.0,17.0,38.0,84.75999999999976,199.0
245,09-02,2124,13.75517890772128,14.871734421598392,1.0,2.0,3.0,5.0,9.0,17.0,38.0,82.0,199.0
246,09-03,2123,13.807348092322185,14.88514313121122,1.0,2.0,3.0,5.0,9.0,17.0,38.0,80.900000000001,199.0
247,09-04,2122,13.85909519321395,14.970895376520243,1.0,2.0,3.0,5.0,9.0,17.0,39.0,80.94999999999982,199.0
248,09-05,2121,13.861386138613861,14.965672159046285,1.0,2.0,3.0,5.0,9.0,17.0,39.0,81.00000000000091,199.0
249,09-06,2120,13.920754716981133,15.181902970845409,1.0,2.0,3.0,5.0,9.0,17.0,39.049999999999955,83.61999999999989,199.0
250,09-07,2119,14.04577630957999,15.642134566454667,1.0,2.0,3.0,5.0,9.0,17.0,40.0,85.0,199.0
251,09-08,2118,14.043909348441927,15.744939675353985,0.0,2.0,3.0,5.0,9.0,16.0,40.0,85.82999999999993,199.0
252,09-09,2117,14.030703826169107,15.571030676806306,0.0,2.0,3.0,6.0,9.0,16.0,40.0,84.84000000000015,199.0
253,09-10,2116,14.254725897920604,15.898075217529701,0.0,2.0,3.0,6.0,10.0,17.0,42.0,85.84999999999991,199.0
254,09-11,2115,14.416075650118204,15.95772343689736,0.0,2.0,3.0,6.0,10.0,17.0,42.0,85.86000000000013,199.0
255,09-12,2114,14.408230842005677,15.737985626123761,0.0,2.0,3.0,6.0,10.0,17.0,42.0,84.86999999999989,199.0
256,09-13,2113,14.46710837671557,15.63897805116864,0.0,2.0,3.0,6.0,10.0,17.0,42.0,84.0,199.0
257,09-14,2112,14.478693181818182,15.763575370967205,0.0,1.0,3.0,6.0,10.0,17.0,42.0,84.88999999999987,199.0
258,09-15,2111,14.527238275698721,15.821878544063692,0.0,1.1000000000000014,3.0,6.0,10.0,17.0,42.5,85.90000000000009,199.0
259,09-16,2111,14.61013737565135,16.04528755227364,0.0,2.0,3.0,6.0,10.0,17.5,43.0,87.80000000000018,199.0
260,09-17,2111,14.707721459024159,16.170018833359265,0.0,2.0,3.0,6.0,10.0,18.0,44.0,87.80000000000018,199.0
261,09-18,2111,14.792041686404547,16.300927579520245,0.0,1.1000000000000014,3.0,6.0,10.0,18.0,44.5,88.0,199.0
262,09-19,2112,14.77935606060606,16.263713448710103,0.0,1.0,3.0,6.0,10.0,17.25,44.44999999999982,87.77999999999975,199.0
263,09-20,2113,14.564600094652153,15.850201821065365,0.0,1.0,3.0,5.0,10.0,17.0,44.0,84.0,199.0
264,09-21,2114,14.552034058656576,16.170336438274823,0.0,1.0,3.0,5.0,10.0,17.0,44.0,84.0,203.0
265,09-22,2115,14.642080378250592,16.255179726783,0.0,1.0,2.0,5.0,10.0,17.5,44.0,84.0,203.0
266,09-23,2116,14.666824196597354,16.21481258209988,0.0,1.0,2.0,5.0,10.0,18.0,44.0,83.69999999999982,203.0
267,09-24,2117,14.658006613131791,16.128653317598335,0.0,1.0,2.0,5.0,10.0,18.0,44.0,82.0,203.0
268,09-25,2118,14.668555240793202,16.182901888938765,0.0,1.0,2.0,5.0,10.0,18.0,44.0,83.65999999999985,203.0
269,09-26,2119,14.7409155261916,16.262175109548423,0.0,1.0,2.0,5.0,10.0,18.0,44.0,83.64000000000033,203.0
270,09-27,2120,14.749056603773585,16.15054964844141,0.0,1.0,2.0,5.0,10.0,18.0,44.0,82.0,203.0
271,09-28,2121,14.758604431871758,16.070634262487612,0.0,1.0,2.0,5.0,10.0,18.0,44.0,82.0,203.0
272,09-29,2122,14.776154571159283,16.07280514603105,0.0,1.0,2.0,5.0,10.0,18.0,44.0,81.36999999999989,203.0
273,09-30,2123,14.721620348563354,16.02290534149378,0.0,1.0,2.0,5.0,10.0,18.0,44.0,78.3400000000006,203.0
274,10-01,2124,14.593691148775894,15.982302321614332,0.0,1.0,2.0,5.0,9.0,18.0,44.0,78.30999999999995,203.0
275,10-02,2125,14.489411764705883,15.923295004689159,0.0,1.0,2.0,5.0,9.0,18.0,44.0,75.51999999999953,203.0
276,10-03,2126,14.438852304797742,15.795480378142777,0.0,1.0,2.0,5.0,9.0,18.0,43.0,74.0,203.0
277,10-04,2127,14.388810531264692,15.758905763442916,0.0,1.0,2.0,5.0,9.0,18.0,43.0,74.73999999999978,203.0
278,10-05,2128,14.316259398496241,15.847477028643878,0.0,1.0,2.0,5.0,9.0,18.0,43.0,75.73000000000002,203.0
279,10-06,2129,14.305777360263034,16.08065226664357,0.0,1.0,2.0,5.0,9.0,17.0,43.0,78.1599999999994,203.0
280,10-07,2130,14.366197183098592,16.10440872447809,0.0,1.0,2.0,5.0,9.0,18.0,43.0,77.84000000000015,203.0
281,10-08,2131,14.221961520412952,15.656074916288377,0.0,1.0,2.0,5.0,9.0,18.0,43.0,74.0,203.0
282,10-09,2132,14.24953095684803,15.570810529926574,0.0,1.0,2.0,5.0,9.0,18.0,43.0,73.69000000000005,203.0
283,10-10,2133,14.297233942803564,15.649712033031824,0.0,1.0,2.0,5.0,9.0,18.0,43.0,74.0,203.0
284,10-11,2134,14.118556701030927,15.37609467521428,0.0,1.0,2.0,5.0,9.0,18.0,42.0,72.67000000000007,203.0
285,10-12,2135,13.97751756440281,15.306045642076365,0.0,1.0,2.0,5.0,9.0,17.0,41.299999999999955,71.65999999999985,203.0
286,10-13,2136,13.977059925093632,15.58026548457084,0.0,1.0,2.0,5.0,9.0,17.0,43.0,73.65000000000009,203.0
287,10-14,2137,14.1689284043051,16.38602699088164,0.0,1.0,2.0,5.0,9.0,17.0,43.0,75.63999999999987,204.0
288,10-15,2138,14.215622076707202,16.633116104453748,0.0,1.0,2.0,5.0,9.0,17.0,42.149999999999864,75.63000000000011,204.0
289,10-16,2139,14.223468910705938,16.79462671126569,0.0,1.0,2.0,5.0,9.0,17.0,41.09999999999991,81.57999999999902,204.0
290,10-17,2139,14.160355306217859,16.917120345133625,0.0,1.0,2.0,5.0,9.0,17.0,40.0,86.61999999999989,204.0
291,10-18,2139,14.103319308087892,16.909296440001373,0.0,1.0,2.0,5.0,9.0,17.0,40.0,86.61999999999989,204.0
292,10-19,2139,14.036465638148668,16.817976090350353,0.0,1.0,2.0,5.0,9.0,17.0,39.0,85.61999999999989,204.0
293,10-20,2139,14.065451145395045,16.87646798298597,0.0,1.0,2.0,5.0,9.0,17.0,39.0,85.61999999999989,204.0
294,10-21,2139,13.995324918186068,16.71381789785694,0.0,1.0,2.0,5.0,9.0,17.0,39.0,83.85999999999967,204.0
295,10-22,2139,13.96166432912576,16.447024355121933,0.0,1.0,2.0,5.0,9.0,17.0,39.0,83.85999999999967,204.0
296,10-23,2139,13.913978494623656,15.990966990065582,0.0,1.0,2.0,5.0,9.0,17.0,39.0,80.09999999999945,204.0
297,10-24,2139,13.954651706404862,16.300134595958458,0.0,1.0,2.0,5.0,9.0,17.0,39.0,85.61999999999989,204.0
298,10-25,2139,14.072931276297336,16.655517949524434,0.0,1.0,2.0,5.0,9.0,17.0,39.09999999999991,88.23999999999978,204.0
299,10-26,2139,14.099579242636747,16.785665150565872,0.0,1.0,2.0,5.0,9.0,17.0,39.0,88.23999999999978,204.0
300,10-27,2139,14.046750818139317,16.650219393602345,0.0,1.0,2.0,5.0,9.0,17.0,39.0,86.61999999999989,204.0
301,10-28,2139,14.068256194483403,16.917784391473162,0.0,1.0,2.0,5.0,9.0,17.0,39.09999999999991,88.23999999999978,204.0
302,10-29,2139,14.129967274427303,17.86020275421737,0.0,1.0,2.0,5.0,9.0,17.0,40.09999999999991,90.23999999999978,280.0
303,10-30,2139,14.01916783543712,17.787018396625207,0.0,1.0,2.0,5.0,9.0,17.0,40.0,90.23999999999978,280.0
304,10-31,2139,14.007947639083683,17.821047678523648,0.0,1.0,2.0,5.0,9.0,17.0,40.09999999999991,90.23999999999978,280.0
305,11-01,2139,14.068256194483403,17.985391049534616,0.0,1.0,2.0,5.0,9.0,17.0,41.0,95.23999999999978,280.0
306,11-02,2139,14.093969144460027,18.080840608251926,0.0,1.0,2.0,5.0,9.0,17.0,41.0,97.23999999999978,280.0
307,11-03,2139,13.999064983637213,18.053190277626054,0.0,1.0,2.0,5.0,9.0,17.0,40.09999999999991,97.23999999999978,280.0
308,11-04,2139,13.843852267414679,17.979952543837058,0.0,1.0,2.0,5.0,9.0,17.0,40.0,97.23999999999978,280.0
309,11-05,2139,13.782141187470781,18.018575772483732,0.0,1.0,2.0,5.0,9.0,17.0,39.0,97.23999999999978,280.0
310,11-06,2139,13.738662926601215,17.79720120437649,0.0,1.0,2.0,5.0,9.0,17.0,39.0,95.23999999999978,280.0
311,11-07,2139,13.615240766713418,17.607990244872347,0.0,1.0,2.0,5.0,9.0,16.5,39.0,92.09999999999945,280.0
312,11-08,2139,13.604020570359982,17.608246078054464,0.0,1.0,2.0,5.0,9.0,16.0,39.0,92.09999999999945,280.0
313,11-09,2139,13.558204768583451,17.632904433439165,0.0,1.0,2.0,5.0,9.0,16.0,39.0,96.47999999999956,280.0
314,11-10,2139,13.565217391304348,17.62197438916167,0.0,1.0,2.0,5.0,9.0,16.0,39.0,96.47999999999956,280.0
315,11-11,2139,13.550257129499766,17.59942154205256,0.0,1.0,2.0,5.0,9.0,16.0,39.0,96.47999999999956,280.0
316,11-12,2139,13.508648901355773,17.55537263946402,0.0,1.0,2.0,5.0,9.0,16.0,39.0,96.47999999999956,280.0
317,11-13,2139,13.330528284244973,17.29782745491412,0.0,1.0,2.0,5.0,9.0,16.0,38.09999999999991,84.85999999999967,280.0
318,11-14,2139,12.986909770920992,16.465850840670104,0.0,1.0,2.0,5.0,9.0,16.0,37.09999999999991,80.09999999999945,280.0
319,11-15,2139,12.878447872837775,16.027753006556047,0.0,1.0,2.0,5.0,8.0,16.0,37.09999999999991,76.23999999999978,280.0
320,11-16,2139,12.799438990182328,15.822462146734313,0.0,1.0,2.0,5.0,8.0,16.0,37.09999999999991,73.85999999999967,280.0
321,11-17,2139,12.67882187938289,15.495289586185397,0.0,0.379999999999999,2.0,4.0,8.0,15.5,37.0,69.0,280.0
322,11-18,2139,12.577840112201963,15.388662708430644,0.0,0.0,2.0,4.0,8.0,15.0,37.0,68.23999999999978,280.0
323,11-19,2139,12.51706404862085,15.333616584164094,0.0,0.0,2.0,4.0,8.0,15.0,37.0,68.23999999999978,280.0
324,11-20,2139,12.392239364188873,15.16377556603081,0.0,0.0,2.0,4.0,8.0,15.0,36.09999999999991,66.61999999999989,280.0
325,11-21,2139,12.342683496961197,15.129250023249966,0.0,0.0,2.0,4.0,8.0,15.0,36.0,66.61999999999989,280.0
326,11-22,2139,12.207573632538569,14.811219884763519,0.0,0.0,2.0,4.0,8.0,15.0,36.0,66.0,280.0
327,11-23,2139,12.057971014492754,14.71199677821311,0.0,0.0,2.0,4.0,8.0,15.0,35.0,66.0,280.0
328,11-24,2139,11.847124824684432,14.259669389671922,0.0,0.0,1.0,4.0,8.0,15.0,33.0,64.0,280.0
329,11-25,2139,11.61851332398317,13.759573703754779,0.0,0.0,1.0,4.0,8.0,14.0,31.0,59.61999999999989,280.0
330,11-26,2139,11.492753623188406,13.374064188888596,0.0,0.0,1.0,4.0,8.0,14.0,31.0,58.23999999999978,280.0
331,11-27,2139,11.385226741467976,13.297955791562302,0.0,0.379999999999999,1.0,4.0,8.0,14.0,31.0,57.0,280.0
332,11-28,2139,11.239831697054699,12.880249460486562,0.0,0.379999999999999,1.0,4.0,8.0,14.0,31.0,55.61999999999989,280.0
333,11-29,2139,11.031323048153343,11.414892324096098,0.0,0.379999999999999,1.9000000000000057,4.0,8.0,14.0,30.0,54.0,150.0
334,11-30,2139,11.009817671809257,11.46599466231784,0.0,0.379999999999999,2.0,4.0,8.0,14.0,30.0,54.61999999999989,150.0
335,12-01,2139,10.979897148200093,11.372223714227653,0.0,0.0,1.9000000000000057,4.0,8.0,14.0,30.0,54.0,150.0
336,12-02,2139,10.972417017297802,11.170281897214872,0.0,0.0,1.9000000000000057,4.0,8.0,14.0,30.0,54.0,150.0
337,12-03,2139,10.972417017297802,11.02186305499225,0.0,0.0,2.0,4.0,8.0,14.0,30.0,54.0,150.0
338,12-04,2139,11.007947639083683,11.086294408373671,0.0,0.379999999999999,2.0,4.0,8.0,14.0,30.0,54.0,150.0
339,12-05,2139,11.083683964469378,11.169248604634221,0.0,1.0,2.0,4.0,8.0,14.0,30.0,54.0,150.0
340,12-06,2139,11.08087891538102,10.796766309615686,0.0,1.0,2.0,4.0,8.0,14.0,30.0,54.0,104.0
341,12-07,2139,11.040205703599813,10.672095011358994,0.0,1.0,2.0,4.0,8.0,14.0,30.0,53.23999999999978,104.0
342,12-08,2139,10.974287050023376,10.528938823730497,0.0,1.0,2.0,4.0,8.0,14.0,29.0,52.0,104.0
343,12-09,2139,10.899953249181861,10.4040583125557,0.0,1.0,2.0,4.0,8.0,14.0,29.0,51.23999999999978,104.0
344,12-10,2139,10.73352033660589,10.028912986615659,0.0,1.0,2.0,4.0,8.0,14.0,29.0,49.61999999999989,94.0
345,12-11,2139,10.593267882187938,9.825991740507412,0.0,1.0,2.0,4.0,8.0,14.0,28.0,48.0,94.0
346,12-12,2139,10.565217391304348,9.833973780006366,0.0,1.0,2.0,4.0,8.0,14.0,28.0,48.0,94.0
347,12-13,2139,10.535764375876578,9.809361854529524,0.0,1.0,2.0,4.0,8.0,14.0,28.0,48.0,94.0
348,12-14,2139,10.576905095839177,9.77899132018673,0.0,1.0,2.0,4.0,8.0,14.0,28.0,48.0,94.0
349,12-15,2139,10.617578307620384,9.767579174285085,0.0,1.0,2.0,4.0,8.0,14.0,28.09999999999991,47.61999999999989,94.0
350,12-16,2139,10.576437587657784,9.769855234701499,0.0,1.0,2.0,4.0,8.0,14.0,28.0,48.0,94.0
351,12-17,2139,10.545582047685835,9.653014325628588,0.0,1.0,2.0,4.0,8.0,14.0,28.0,47.61999999999989,94.0
352,12-18,2139,10.55539971949509,9.536748507340139,0.0,1.0,2.0,4.0,8.0,14.0,28.0,46.61999999999989,94.0
353,12-19,2139,10.533426834969612,9.443454877780246,0.0,1.0,2.0,4.0,8.0,14.0,28.0,46.0,94.0
354,12-20,2139,10.548387096774194,9.582240694803815,0.0,1.0,2.0,4.0,8.0,14.0,28.0,46.0,94.0
355,12-21,2139,10.52875175315568,9.506803771266165,0.0,1.0,2.0,4.0,8.0,14.0,28.0,45.61999999999989,94.0
356,12-22,2139,10.533426834969612,9.502999378348516,0.0,1.0,2.0,4.0,8.0,14.0,28.0,45.61999999999989,94.0
357,12-23,2139,10.572230014025246,9.570123999664709,0.0,1.0,2.0,4.0,8.0,14.0,29.0,45.61999999999989,94.0
358,12-24,2139,10.579242636746143,9.568748789774492,0.0,1.0,2.0,4.0,8.0,14.0,29.0,45.61999999999989,94.0
359,12-25,2139,10.593267882187938,9.588496358744544,0.0,1.0,2.0,4.0,8.0,14.0,29.0,46.0,94.0
360,12-26,2139,10.669471715755027,9.79493474849799,0.0,1.0,2.0,4.0,8.0,14.0,30.0,46.61999999999989,94.0
361,12-27,2139,10.67180925666199,9.769648358307705,0.0,1.0,2.0,4.0,8.0,14.0,29.0,46.61999999999989,94.0
362,12-28,2139,10.6507713884993,9.762620486284327,0.0,1.0,2.0,4.0,8.0,14.0,29.0,46.61999999999989,94.0
363,12-29,2139,10.651238896680692,9.73589080632899,0.0,1.0,2.0,4.0,8.0,14.0,29.0,46.0,94.0
364,12-30,2139,10.674614305750351,9.712748307273799,0.0,1.0,2.0,4.0,8.0,14.0,29.0,46.0,94.0
365,12-31,2139,10.685834502103786,9.598021720507845,0.0,1.0,2.0,4.0,8.0,14.0,29.09999999999991,46.0,89.0
