"фаза, лет",параметр,циклов,n,mean,std,min,P1,P5,P25,P50,P75,P95,P99,max
0.0,F10.7_ADJ,6,2190,71.31456621004567,4.045917655451162,63.4,66.18900000000001,67.1,68.7,70.25,72.7,79.15499999999997,87.01100000000001,97.9
0.0,F10.7_ADJ_LAST81,6,2190,71.81940639269406,3.2633508486247633,67.0,67.2,67.7,69.5,71.1,73.7,76.8,84.71100000000001,85.6
0.0833,F10.7_ADJ,6,2196,71.61707650273225,4.667356206136907,63.4,66.19500000000001,67.1,68.8,70.4,73.0,79.9,93.12500000000009,101.7
0.0833,F10.7_ADJ_LAST81,6,2196,71.54858834244081,2.767590304375889,67.0,67.2,67.7,69.6,71.0,73.4,76.5,78.50500000000002,84.3
0.1667,F10.7_ADJ,6,2190,71.99515981735159,5.10944935182628,63.4,66.18900000000001,67.2,68.9,70.55,73.5,81.6,94.5,101.7
0.1667,F10.7_ADJ_LAST81,6,2190,71.57917808219177,2.617857859364315,67.0,67.2,67.7,69.8,71.2,73.5,76.2,77.91100000000002,80.6
0.25,F10.7_ADJ,6,2190,72.30739726027397,5.385594890749323,63.4,66.2,67.3,69.1,70.8,73.7,82.35499999999998,96.82200000000002,101.7
0.25,F10.7_ADJ_LAST81,6,2190,71.86662100456621,2.971537740679432,67.0,67.2,67.7,69.9,71.3,73.7,76.6,83.13300000000004,85.1
0.3333,F10.7_ADJ,6,2190,72.67369863013698,5.425971967003182,52.5,66.2,67.5,69.325,71.2,74.2,82.7,96.82200000000002,101.7
0.3333,F10.7_ADJ_LAST81,6,2190,72.2324200913242,3.3543340553011047,67.0,67.2,67.7,70.1,71.7,73.7,78.2,84.7,86.4
0.4167,F10.7_ADJ,6,2190,73.48365296803654,6.219555169265969,52.5,66.6,67.745,69.6,71.7,75.2,85.6,99.26600000000008,115.6
0.4167,F10.7_ADJ_LAST81,6,2190,72.63680365296806,3.6231284373628796,67.0,67.2,67.7,70.4,72.1,74.175,79.5,85.4,86.4
0.5,F10.7_ADJ,6,2196,74.44048269581056,6.997999424122535,52.5,67.0,68.1,70.0,72.4,76.0,89.625,101.2,115.6
0.5,F10.7_ADJ_LAST81,6,2196,73.2888888888889,4.018600765613451,67.0,67.2,68.0,70.7,72.5,74.9,82.7,87.31000000000003,89.5
0.5833,F10.7_ADJ,6,2190,75.06456621004565,7.226284137049548,52.5,67.4,68.3,70.4,73.1,76.9,91.1,101.34400000000005,117.8
0.5833,F10.7_ADJ_LAST81,6,2190,74.072100456621,4.521566277070819,67.1,67.3,68.9,71.1,73.2,75.6,84.5,90.21100000000001,91.6
0.6667,F10.7_ADJ,6,2196,75.48775045537342,7.566604498639932,52.5,67.6,68.6,70.5,73.3,77.4,92.825,102.60500000000002,117.8
0.6667,F10.7_ADJ_LAST81,6,2196,74.7964480874317,4.957707801922182,67.4,67.7,69.4,71.4,73.6,76.8,85.5,91.80500000000002,92.6
0.75,F10.7_ADJ,6,2190,76.31534246575342,8.016751092443041,52.5,67.8,69.0,70.9,73.9,78.7,94.0,105.04400000000005,117.8
0.75,F10.7_ADJ_LAST81,6,2190,75.39534246575342,5.372021681383023,67.9,68.489,69.7,71.9,74.0,77.4,87.8,94.4,95.4
0.8333,F10.7_ADJ,6,2196,77.63000910746813,9.112124451918547,52.5,67.89500000000001,69.2,71.4,74.6,80.4,98.6,110.01500000000006,121.1
0.8333,F10.7_ADJ_LAST81,6,2196,76.16079234972678,5.9235930048542205,68.7,69.3,69.9,72.1,74.55,78.1,90.42500000000001,95.90500000000003,97.2
0.9167,F10.7_ADJ,6,2190,78.77287671232875,9.53980501884043,52.5,68.38900000000001,69.6,72.2,75.6,82.2,100.45499999999997,112.311,121.8
0.9167,F10.7_ADJ_LAST81,6,2190,77.22488584474885,6.502909835431944,69.5,69.8,70.2,72.7,75.1,79.675,92.1,98.1,99.4
1.0,F10.7_ADJ,6,2190,80.1951598173516,10.291936655268723,52.5,68.7,69.8,72.8,76.7,84.3,102.5,113.13300000000004,121.8
1.0,F10.7_ADJ_LAST81,6,2190,78.44296803652966,7.105022599776585,69.5,69.8,70.8,73.3,76.5,81.6,94.5,100.02200000000002,103.4
1.0833,F10.7_ADJ,6,2190,82.07771689497717,11.942184321565671,52.5,68.989,70.0,73.7,78.0,87.1,106.05499999999996,120.92200000000003,146.3
1.0833,F10.7_ADJ_LAST81,6,2190,79.89315068493151,7.973570357092478,69.7,69.8,71.1,74.2,77.5,84.2,96.05499999999996,105.44400000000006,111.2
1.1667,F10.7_ADJ,6,2190,83.63159817351598,12.847321328960117,52.5,69.2,70.3,74.3,79.3,89.7,109.0,126.57700000000008,147.6
1.1667,F10.7_ADJ_LAST81,6,2190,81.47780821917807,9.203152613935204,69.7,69.8,71.9,74.8,78.3,87.07499999999999,98.85499999999998,114.41100000000002,116.5
1.25,F10.7_ADJ,6,2196,85.50418943533698,14.1925095174951,52.5,69.6,70.9,75.0,81.15,92.725,112.95,131.8450000000005,168.3
1.25,F10.7_ADJ_LAST81,6,2196,83.1757285974499,10.45129186975506,69.8,70.1,72.0,75.375,79.85,89.3,100.8,117.71500000000006,126.0
1.3333,F10.7_ADJ,6,2190,88.03264840182648,16.492229099386094,55.8,69.789,71.4,76.1,83.5,95.57499999999999,118.60999999999994,149.83300000000006,198.9
1.3333,F10.7_ADJ_LAST81,6,2190,85.0306392694064,11.71690656894835,70.1,71.0,72.7,76.5,81.3,91.7,106.8,125.91100000000002,134.1
1.4167,F10.7_ADJ,6,2196,90.98169398907103,19.707914579770627,55.8,70.0,72.0,76.9,85.4,99.1,129.425,164.66500000000022,198.9
1.4167,F10.7_ADJ_LAST81,6,2196,87.30851548269581,13.565990082070003,71.3,71.9,73.4,77.5,82.6,94.1,114.5,138.21500000000003,153.6
1.5,F10.7_ADJ,6,2190,93.66849315068494,22.002430469460695,55.8,70.5,72.5,77.9,86.9,101.475,140.5849999999998,178.27700000000007,198.9
1.5,F10.7_ADJ_LAST81,6,2190,89.97328767123288,15.951722324007006,72.0,73.1,74.4,78.3,85.95,96.2,122.27499999999986,153.1,157.7
1.5833,F10.7_ADJ,6,2190,96.79397260273971,23.985863436341482,55.8,70.5,72.8,79.42500000000001,89.9,104.875,149.02999999999983,182.4,200.4
1.5833,F10.7_ADJ_LAST81,6,2190,92.79004566210047,18.24945743475838,73.1,73.2,74.8,80.1,87.9,98.9,132.3,156.81100000000004,161.2
1.6667,F10.7_ADJ,6,2190,100.56990867579907,25.76731870223725,55.8,70.9,74.5,82.0,93.0,111.675,157.40999999999994,183.02200000000002,200.4
1.6667,F10.7_ADJ_LAST81,6,2190,95.93009132420092,20.430737900442352,73.1,73.2,74.9,81.2,91.45,104.3,145.75499999999997,159.7,161.9
1.75,F10.7_ADJ,6,2190,104.26643835616439,26.73970774721001,55.8,71.978,75.1,84.0,97.3,117.57499999999999,160.5,183.85400000000016,204.4
1.75,F10.7_ADJ_LAST81,6,2190,99.30406392694064,21.963660899439112,73.1,73.2,75.545,81.9,93.7,109.775,153.355,160.9,162.3
1.8333,F10.7_ADJ,6,2196,109.49298724954463,31.290862028248885,55.8,72.7,75.7,85.9,101.1,124.625,171.025,201.61500000000004,291.7
1.8333,F10.7_ADJ_LAST81,6,2196,103.30113843351549,23.725620909507246,73.1,74.39500000000001,76.7,84.3,96.85,111.7,157.425,168.62000000000006,182.3
1.9167,F10.7_ADJ,6,2190,114.49954337899544,33.9526940913924,55.8,73.9,76.44500000000001,89.125,106.1,130.17499999999998,179.30999999999995,240.35400000000016,292.1
1.9167,F10.7_ADJ_LAST81,6,2190,107.88739726027396,26.065382458472264,74.9,75.4,78.2,88.1,101.4,119.775,159.45499999999998,191.25500000000005,207.1
2.0,F10.7_ADJ,6,2196,118.78934426229506,35.66567354041491,55.8,74.4,77.5,92.5,111.0,136.82500000000002,184.875,245.27000000000024,292.1
2.0,F10.7_ADJ_LAST81,6,2196,112.80346083788707,28.74009678855967,75.3,75.69500000000001,80.4,91.7,107.5,131.425,161.1,216.50500000000002,219.3
2.0833,F10.7_ADJ,6,2190,122.34200913242009,36.48355233814979,55.8,74.989,78.245,94.4,114.9,142.35,190.10999999999993,245.35400000000016,292.1
2.0833,F10.7_ADJ_LAST81,6,2190,117.27570776255708,30.401422657715386,76.0,78.57799999999999,81.2,94.5,110.6,134.6,169.30999999999995,218.6,221.0
2.1667,F10.7_ADJ,6,2196,126.3922131147541,37.219274630616816,55.8,75.0,79.45,98.15,118.8,148.6,195.82500000000002,245.27000000000024,292.1
2.1667,F10.7_ADJ_LAST81,6,2196,121.30651183970855,31.293425604277157,79.9,80.5,81.4,97.4,113.2,138.6,193.875,218.6,221.0
2.25,F10.7_ADJ,6,2190,130.561598173516,38.369951580474826,55.8,75.667,81.7,103.025,123.2,152.3,201.6,255.93200000000016,334.7
2.25,F10.7_ADJ_LAST81,6,2190,125.15748858447489,31.655919465087234,80.4,80.989,81.9,102.2,123.25,142.1,197.25499999999997,218.6,221.0
2.3333,F10.7_ADJ,6,2190,135.30881278538814,39.10468128799365,72.9,77.089,83.745,107.6,128.0,156.875,205.70999999999995,258.4990000000001,334.7
2.3333,F10.7_ADJ_LAST81,6,2190,129.37315068493152,32.069955949176574,80.4,80.989,82.0,106.42500000000001,129.8,144.375,202.8,218.6,221.0
2.4167,F10.7_ADJ,6,2190,139.17995433789955,39.75848415852357,72.9,77.367,86.09,111.0,131.8,161.75,211.05499999999998,260.7990000000001,334.7
2.4167,F10.7_ADJ_LAST81,6,2190,133.751598173516,32.29121126547438,80.4,81.3,86.145,110.5,131.8,146.8,208.45499999999998,218.6,221.0
2.5,F10.7_ADJ,6,2190,142.92607305936073,40.7181458467928,75.2,78.1,91.2,113.6,134.1,164.775,219.56999999999962,270.6660000000001,334.7
2.5,F10.7_ADJ_LAST81,6,2190,137.86990867579908,32.8124188666176,80.4,81.3,92.345,112.9,133.6,148.2,212.355,219.51100000000002,223.8
2.5833,F10.7_ADJ,6,2196,146.616029143898,40.18970230289726,77.0,82.36500000000001,95.55,117.07499999999999,137.9,169.5,222.925,270.6300000000001,334.7
2.5833,F10.7_ADJ_LAST81,6,2196,141.65560109289615,33.05730746467294,80.4,81.39500000000001,97.5,122.6,135.25,148.925,213.95,219.8,223.8
2.6667,F10.7_ADJ,6,2190,150.27164383561646,40.49130768144442,82.4,88.4,99.345,120.2,140.45,174.475,225.80999999999995,270.933,334.7
2.6667,F10.7_ADJ_LAST81,6,2190,145.4590867579909,32.844356255817765,82.4,89.912,100.39,128.425,137.7,155.25,215.855,221.0,223.8
2.75,F10.7_ADJ,6,2196,154.12021857923497,41.44699017072147,82.4,88.89,101.07499999999999,123.6,145.8,180.225,231.5,271.31000000000006,335.0
2.75,F10.7_ADJ_LAST81,6,2196,149.2712204007286,32.70453244472299,93.3,96.995,103.52499999999999,129.9,139.6,165.9,216.625,221.3,223.8
2.8333,F10.7_ADJ,6,2190,154.97821917808218,41.34247692051863,82.4,89.378,101.0,124.7,148.05,181.1,230.1,271.211,335.0
2.8333,F10.7_ADJ_LAST81,6,2190,152.48392694063926,32.81112939344263,96.3,98.478,105.8,131.025,141.5,171.8,216.65499999999997,221.3,223.8
2.9167,F10.7_ADJ,6,2190,155.61703196347034,40.23647762777269,82.4,89.378,101.3,127.5,148.9,180.475,229.87499999999986,270.333,335.0
2.9167,F10.7_ADJ_LAST81,6,2190,154.51328767123286,32.78746406177207,96.3,98.478,106.045,131.525,143.8,175.05,216.65499999999997,221.3,223.8
3.0,F10.7_ADJ,7,2204,158.27363883847548,39.89421576359125,85.3,93.1,102.9,130.17499999999998,152.1,182.0,231.3,273.68799999999993,335.0
3.0,F10.7_ADJ_LAST81,7,2204,156.24641560798548,32.39651453769743,96.3,98.503,109.745,132.2,148.2,175.8,216.285,223.09699999999998,241.3
3.0833,F10.7_ADJ,7,2234,162.30984780662487,41.74622981948942,85.3,96.03200000000001,104.66,132.1,155.9,186.375,238.1,289.0,341.8
3.0833,F10.7_ADJ_LAST81,7,2234,159.02833482542522,33.02178179217103,96.3,99.1,113.86500000000001,133.9,155.1,178.475,217.5,248.00300000000007,268.7
3.1667,F10.7_ADJ,7,2271,166.12302950242184,43.35721934589879,86.8,99.2,107.05,133.95,157.8,190.8,244.95,294.32000000000005,367.2
3.1667,F10.7_ADJ_LAST81,7,2271,162.63650374284455,34.36056573257243,99.1,101.57,116.9,136.05,158.7,181.95,219.55,268.63000000000005,271.0
3.25,F10.7_ADJ,7,2295,168.9077559912854,44.76920453592116,86.8,98.794,108.47,136.95,159.1,193.45,252.62999999999997,303.306,370.9
3.25,F10.7_ADJ_LAST81,7,2295,166.3420043572985,35.65171989001282,104.9,110.294,119.97,139.2,161.6,185.55,222.92999999999998,270.20599999999996,273.4
3.3333,F10.7_ADJ,7,2332,170.0033447684391,45.072049922512065,86.8,98.53099999999999,107.9,137.9,159.7,195.7,253.23499999999996,302.92100000000005,370.9
3.3333,F10.7_ADJ_LAST81,7,2332,169.0372641509434,36.58478321413275,107.5,111.53099999999999,121.05499999999999,140.7,165.45,188.1,245.78499999999977,270.438,273.4
3.4167,F10.7_ADJ,7,2356,170.7393039049236,44.87647505022543,86.8,97.6,108.07499999999999,139.0,160.5,198.075,252.725,302.7049999999998,370.9
3.4167,F10.7_ADJ_LAST81,7,2356,170.80505093378605,36.99138517884447,107.5,111.55499999999999,120.475,143.875,167.1,189.4,250.5,270.39,273.4
3.5,F10.7_ADJ,7,2393,172.07918930213123,45.80891232069041,86.8,96.69200000000001,108.7,139.9,162.0,199.9,254.84000000000006,314.4879999999999,370.9
3.5,F10.7_ADJ_LAST81,7,2393,171.99222732971168,37.011610283094015,107.5,111.592,119.96000000000001,144.8,168.4,191.2,249.34000000000003,270.316,273.4
3.5833,F10.7_ADJ,7,2417,173.49007033512618,46.53193467294588,86.8,96.71600000000001,108.34,140.6,163.8,202.4,258.03999999999996,313.9840000000004,370.9
3.5833,F10.7_ADJ_LAST81,7,2417,173.1710384774514,37.16889205654176,107.5,111.616,118.9,146.4,170.1,191.9,248.49999999999983,270.28400000000005,273.4
3.6667,F10.7_ADJ,7,2447,173.83976297507152,46.775469496652484,86.8,96.03,106.33,140.8,164.7,203.25,258.47999999999996,314.99399999999997,370.9
3.6667,F10.7_ADJ_LAST81,7,2447,174.17237433592152,37.61108927143176,107.5,111.646,117.7,146.8,171.0,192.5,247.88999999999987,270.254,273.4
3.75,F10.7_ADJ,7,2478,174.17090395480227,47.111816295157205,86.8,95.208,106.9,140.625,165.0,203.14999999999998,260.50500000000005,312.398,370.9
3.75,F10.7_ADJ_LAST81,7,2478,174.8401129943503,38.086781009609425,107.5,111.4,116.5,146.625,171.8,194.17499999999998,246.89000000000007,270.223,273.4
3.8333,F10.7_ADJ,7,2508,174.83066188197768,47.11340929609221,86.8,95.46300000000001,109.8,140.3,166.05,203.5,263.99000000000007,311.68799999999976,370.9
3.8333,F10.7_ADJ_LAST81,7,2508,175.32619617224879,38.514607017263586,107.2,110.021,116.2,146.3,172.4,195.4,246.25500000000008,270.2,273.4
3.9167,F10.7_ADJ,7,2545,177.74927308447937,48.293277187650794,86.8,95.796,109.56,141.7,170.0,207.8,268.1,315.61199999999997,370.9
3.9167,F10.7_ADJ_LAST81,7,2545,176.29426326129666,38.879222233468205,107.2,111.14399999999999,116.82,146.2,173.8,197.4,245.15999999999994,270.2,273.4
4.0,F10.7_ADJ,7,2555,179.08262230919763,48.62205072728418,86.8,95.354,108.57,142.5,172.9,209.55,268.22999999999996,315.592,370.9
4.0,F10.7_ADJ_LAST81,7,2555,177.67651663405087,39.160099528292776,107.2,111.154,117.6,146.3,179.5,199.3,245.05999999999995,270.2,273.4
4.0833,F10.7_ADJ,7,2562,178.70690866510537,48.003462990548684,91.8,96.361,109.005,142.225,173.5,208.375,267.2,312.30699999999985,370.9
4.0833,F10.7_ADJ_LAST81,7,2562,178.66553473848558,38.99564592239606,107.2,111.161,117.6,146.7,181.95,200.6,243.39499999999998,270.2,273.4
4.1667,F10.7_ADJ,7,2555,179.16947162426615,48.129961668122064,91.8,96.8,109.24,142.5,174.0,209.0,264.55999999999995,311.746,370.9
4.1667,F10.7_ADJ_LAST81,7,2555,178.7706457925636,38.358353362518145,107.2,111.154,117.0,147.9,182.7,201.14999999999998,242.0,268.35200000000003,273.4
4.25,F10.7_ADJ,7,2555,179.459686888454,47.015944361222495,91.8,95.92399999999999,109.47,143.2,175.5,210.4,260.53,299.982,359.2
4.25,F10.7_ADJ_LAST81,7,2555,178.80187866927594,37.62905140167804,107.2,111.154,116.5,148.8,183.7,204.7,240.7,258.94599999999997,270.7
4.3333,F10.7_ADJ,7,2555,179.7339334637965,48.07960626659151,91.8,95.45400000000001,108.87,142.14999999999998,175.7,210.55,264.13,307.66800000000006,359.2
4.3333,F10.7_ADJ_LAST81,7,2555,179.2037181996086,37.48820318063079,107.2,111.154,115.7,149.25,184.9,206.5,238.62999999999997,244.2,255.4
4.4167,F10.7_ADJ,7,2555,180.85385518590996,48.41710379108813,92.0,96.2,109.5,143.95,176.1,213.05,265.0899999999999,310.31200000000007,399.2
4.4167,F10.7_ADJ_LAST81,7,2555,179.8227397260274,37.54956593161978,107.2,111.154,115.1,151.4,185.8,208.2,236.9,242.946,244.7
4.5,F10.7_ADJ,7,2562,181.51327088212335,47.12859354857985,92.0,97.5,110.405,145.2,178.1,213.775,261.8799999999999,298.6339999999999,399.2
4.5,F10.7_ADJ_LAST81,7,2562,180.52779078844654,37.412866262896955,107.2,111.161,115.115,153.5,186.05,209.7,236.88499999999996,242.939,244.7
4.5833,F10.7_ADJ,7,2555,181.88594911937378,46.760981003295036,92.0,97.5,111.27,145.6,178.8,213.75,261.5,298.676,399.2
4.5833,F10.7_ADJ_LAST81,7,2555,181.2236399217221,36.57938456502677,107.2,111.154,115.1,155.0,186.8,209.7,235.55999999999995,242.592,244.7
4.6667,F10.7_ADJ,7,2562,182.69129586260732,46.19031618016697,92.0,99.883,113.1,146.8,179.25,214.45,261.095,297.3629999999998,399.2
4.6667,F10.7_ADJ_LAST81,7,2562,181.8833723653396,35.69595669471463,107.2,111.161,115.81,155.9,187.4,210.5,233.3,241.1,242.9
4.75,F10.7_ADJ,7,2555,182.01248532289628,45.424259124824836,92.0,103.17,115.0,146.9,178.1,212.9,260.15999999999997,297.482,399.2
4.75,F10.7_ADJ_LAST81,7,2555,182.24446183953032,34.770981390828965,107.2,111.154,117.97,155.6,186.8,210.7,233.0,241.1,242.9
4.8333,F10.7_ADJ,7,2562,183.15296643247464,44.5706396867177,92.3,105.161,116.60499999999999,150.2,178.64999999999998,213.575,259.3699999999999,295.9899999999999,399.2
4.8333,F10.7_ADJ_LAST81,7,2562,182.441725214676,33.73250511650166,110.2,112.161,120.505,155.8,186.35000000000002,210.2,233.0,241.1,242.9
4.9167,F10.7_ADJ,7,2555,183.32774951076323,44.048201078251815,92.3,105.254,117.3,151.3,178.5,212.4,260.22999999999996,294.46600000000007,399.2
4.9167,F10.7_ADJ_LAST81,7,2555,182.68262230919765,32.71099791604469,111.2,113.4,123.7,156.1,185.4,210.3,231.02999999999997,241.1,242.9
5.0,F10.7_ADJ,7,2555,182.84939334637963,44.359823947373904,92.7,105.95400000000001,117.77,150.4,177.0,213.25,260.35999999999996,291.28400000000005,399.2
5.0,F10.7_ADJ_LAST81,7,2555,182.96810176125246,32.195719681594255,111.2,113.4,124.37,156.0,186.4,210.7,228.32999999999998,238.646,241.1
5.0833,F10.7_ADJ,7,2555,181.879373776908,43.92434213539714,92.7,105.154,117.57,150.14999999999998,176.3,211.35000000000002,258.13,290.776,399.2
5.0833,F10.7_ADJ_LAST81,7,2555,182.70630136986304,31.808950837555763,111.2,113.4,127.48,155.5,188.8,210.7,225.52999999999997,235.346,240.6
5.1667,F10.7_ADJ,7,2555,180.46461839530332,43.2423647259036,88.9,103.354,119.0,149.4,174.2,209.14999999999998,257.2,289.5280000000001,399.2
5.1667,F10.7_ADJ_LAST81,7,2555,182.10504892367908,31.8058683192498,111.2,113.4,132.3,155.0,186.3,210.7,226.45999999999995,234.93800000000002,240.6
5.25,F10.7_ADJ,7,2562,179.36467603434818,43.005040763999745,88.9,105.06099999999999,119.10499999999999,147.725,173.35000000000002,206.575,256.68999999999994,290.7339999999999,399.2
5.25,F10.7_ADJ_LAST81,7,2562,181.05152224824357,31.552547414831377,111.2,113.4,133.5,153.35000000000002,181.85000000000002,210.6,226.6,234.91699999999997,240.6
5.3333,F10.7_ADJ,7,2555,177.86532289628178,41.18803923710835,88.9,105.554,120.5,147.5,172.0,204.5,253.4199999999999,282.5040000000001,399.2
5.3333,F10.7_ADJ_LAST81,7,2555,179.79424657534247,30.621488950124146,112.4,121.16199999999999,133.8,151.8,179.7,209.7,223.4,230.6,239.2
5.4167,F10.7_ADJ,7,2562,175.83165495706479,40.95672606436403,88.9,104.361,120.005,145.125,169.4,202.475,252.78499999999997,283.878,322.5
5.4167,F10.7_ADJ_LAST81,7,2562,178.1827088212334,29.57872970690432,123.8,128.561,133.8,151.4,177.2,204.45,221.49499999999998,228.939,231.4
5.5,F10.7_ADJ,7,2555,173.6080626223092,40.245802681531984,88.9,101.854,118.57,143.85000000000002,167.6,199.4,248.72999999999996,277.42800000000005,322.5
5.5,F10.7_ADJ_LAST81,7,2555,176.25761252446185,28.951541341691478,127.6,128.454,133.67,150.35000000000002,175.5,200.8,220.72999999999996,228.092,231.1
5.5833,F10.7_ADJ,7,2555,171.39009784735813,39.74089770576746,88.9,101.854,116.8,141.8,165.3,195.05,245.92999999999998,276.11400000000003,322.5
5.5833,F10.7_ADJ_LAST81,7,2555,174.26880626223092,29.06369900388136,119.6,127.654,132.3,149.8,167.2,198.1,220.7,228.092,231.1
5.6667,F10.7_ADJ,7,2555,168.7665362035225,39.14511758263226,88.9,101.654,116.7,140.7,162.8,190.1,245.22999999999996,277.42800000000005,334.3
5.6667,F10.7_ADJ_LAST81,7,2555,171.94767123287673,28.812484471337346,119.6,122.2,131.6,149.14999999999998,165.1,195.35000000000002,219.9,228.092,231.1
5.75,F10.7_ADJ,7,2555,167.31166340508807,39.4543943996538,88.9,101.654,115.07,137.95,161.3,189.0,243.55999999999995,277.42800000000005,334.3
5.75,F10.7_ADJ_LAST81,7,2555,169.77647749510763,28.595190166610653,119.6,122.2,130.9,148.0,163.9,192.0,219.9,228.092,231.1
5.8333,F10.7_ADJ,7,2562,164.7087431693989,39.56449804713306,88.9,100.161,113.0,135.1,158.6,186.1,240.48999999999995,277.3019999999998,334.3
5.8333,F10.7_ADJ_LAST81,7,2562,167.60651834504296,28.546438878517215,119.6,122.2,128.805,145.2,163.0,187.875,219.9,228.07799999999997,231.1
5.9167,F10.7_ADJ,7,2555,160.83589041095888,38.05502403991708,88.9,99.624,109.84,132.64999999999998,155.2,181.85000000000002,234.72999999999996,268.1120000000001,334.3
5.9167,F10.7_ADJ_LAST81,7,2555,165.1701761252446,28.53859582413695,119.6,122.2,127.7,142.0,160.6,185.4,219.3,226.99200000000002,231.1
6.0,F10.7_ADJ,7,2562,157.54508196721312,36.11493877100904,88.9,97.8,108.2,130.82500000000002,152.6,178.05,226.3,265.539,334.3
6.0,F10.7_ADJ_LAST81,7,2562,162.0192037470726,27.58448153764647,119.6,122.2,126.5,138.5,156.64999999999998,179.375,218.3,226.97799999999998,231.1
6.0833,F10.7_ADJ,7,2555,155.02880626223092,35.72809205933221,88.8,97.654,107.6,129.2,149.1,174.75,224.32999999999998,262.50600000000003,334.3
6.0833,F10.7_ADJ_LAST81,7,2555,158.7542074363992,26.148523305404318,116.9,119.7,125.5,136.6,154.7,173.64999999999998,213.88999999999993,226.99200000000002,231.1
6.1667,F10.7_ADJ,7,2555,151.1803913894325,34.300311792171456,88.8,95.8,104.87,125.8,146.4,171.14999999999998,215.12999999999997,252.746,334.3
6.1667,F10.7_ADJ_LAST81,7,2555,155.6939726027397,24.792874377163013,111.6,115.16199999999999,123.7,134.1,153.3,170.45,202.22999999999996,218.99200000000002,227.9
6.25,F10.7_ADJ,7,2543,147.8915454187967,33.390063326744475,83.5,92.52600000000001,101.9,123.15,143.5,167.3,208.87000000000003,246.64799999999997,334.3
6.25,F10.7_ADJ_LAST81,7,2543,152.48175383405425,23.81616018560896,106.0,111.1,118.11,131.6,150.8,168.6,196.09,213.84799999999996,220.3
6.3333,F10.7_ADJ,7,2513,144.79029048945483,33.785428108922375,79.5,88.8,99.2,120.0,140.5,164.1,206.88000000000002,246.288,334.3
6.3333,F10.7_ADJ_LAST81,7,2513,149.2740549144449,23.16868037138589,103.2,106.012,113.4,130.2,148.0,166.9,189.1,200.47600000000003,207.7
6.4167,F10.7_ADJ,7,2482,141.19290894439968,33.17935489081039,79.5,88.78099999999999,96.4,115.7,137.45,161.2,199.98999999999995,241.23300000000003,334.3
6.4167,F10.7_ADJ_LAST81,7,2482,146.05080580177278,23.374768616937434,103.2,104.5,110.9,127.7,144.5,165.975,185.8,197.67600000000002,203.0
6.5,F10.7_ADJ,7,2452,137.3600326264274,33.18094921700414,79.5,85.0,94.0,111.8,133.25,156.4,196.4,240.8959999999999,334.3
6.5,F10.7_ADJ_LAST81,7,2452,142.66602773246328,23.84018170255457,97.7,103.3,106.1,125.0,139.4,164.2,181.48999999999995,197.7959999999999,203.0
6.5833,F10.7_ADJ,7,2428,133.70354200988467,32.735329544496416,79.5,84.381,93.3,108.7,128.1,151.6,193.5,240.992,334.3
6.5833,F10.7_ADJ_LAST81,7,2428,138.864744645799,24.00290998480477,93.4,96.727,104.4,119.625,134.3,162.4,175.965,188.37300000000002,203.0
6.6667,F10.7_ADJ,7,2391,130.5626516102049,32.527988043956526,79.5,84.22,91.7,106.4,123.2,147.0,193.4,240.73999999999995,274.0
6.6667,F10.7_ADJ_LAST81,7,2391,135.0856963613551,24.079792660385998,93.2,94.28999999999999,104.0,114.35,130.4,157.8,173.7,185.71999999999997,189.1
6.75,F10.7_ADJ,7,2367,127.6759611322349,31.340275334907382,79.5,83.262,90.7,104.5,120.9,143.64999999999998,186.13999999999996,239.23800000000008,274.0
6.75,F10.7_ADJ_LAST81,7,2367,131.72441909590196,24.00345115169887,93.2,93.766,101.83,111.6,127.6,149.25,173.5,185.76800000000003,189.1
6.8333,F10.7_ADJ,7,2330,124.29974248927037,28.881351723764528,79.5,82.0,89.845,103.1,118.65,139.5,179.40999999999994,216.28200000000015,273.5
6.8333,F10.7_ADJ_LAST81,7,2330,128.56334763948496,23.46986767452444,93.2,93.729,97.2,110.5,125.4,139.4,172.855,185.613,189.1
6.9167,F10.7_ADJ,7,2300,121.75904347826089,26.826034872396914,77.5,81.498,89.4,101.675,116.6,136.4,173.0199999999999,201.30599999999987,273.5
6.9167,F10.7_ADJ_LAST81,7,2300,125.51339130434785,22.007767496144258,91.8,93.4,96.295,108.7,122.5,135.6,170.80499999999998,176.0079999999998,182.8
7.0,F10.7_ADJ,7,2269,119.16377258704274,27.00973697727206,77.5,81.168,88.64,99.8,113.7,132.6,166.26,209.36400000000003,294.7
7.0,F10.7_ADJ_LAST81,7,2269,122.61538122520936,20.334415501552744,91.8,92.7,95.24,106.8,117.6,131.7,166.15999999999997,173.7,176.0
7.0833,F10.7_ADJ,7,2239,116.09298794104511,26.22113954485361,72.9,78.58,85.8,97.5,110.6,129.45,161.83999999999997,201.85399999999981,294.7
7.0833,F10.7_ADJ_LAST81,7,2239,119.87418490397498,19.034707116652296,88.4,91.9,93.9,105.3,115.8,129.64999999999998,162.6,173.7,176.0
7.1667,F10.7_ADJ,7,2215,113.75805869074492,25.648880382652884,72.5,75.514,82.74,95.8,108.8,127.1,157.32999999999998,200.75800000000004,294.7
7.1667,F10.7_ADJ_LAST81,7,2215,117.06293453724605,18.15674360308231,84.5,87.61399999999999,92.8,104.45,113.8,128.14999999999998,153.35999999999996,173.7,176.0
7.25,F10.7_ADJ,6,2190,110.88570776255709,23.76276366079881,69.5,73.667,80.44500000000001,94.125,106.1,124.25,151.15499999999997,182.2530000000003,294.7
7.25,F10.7_ADJ_LAST81,6,2190,114.33223744292236,17.5807346596343,80.9,83.978,89.1,103.4,112.3,126.2,139.4,173.7,176.0
7.3333,F10.7_ADJ,6,2196,109.10045537340619,23.323480006429318,69.5,73.685,80.0,92.57499999999999,104.55,121.85,149.625,173.89000000000033,294.7
7.3333,F10.7_ADJ_LAST81,6,2196,111.90951730418944,16.874421762988966,80.6,81.1,87.7,99.07499999999999,109.85,125.1,137.4,166.80500000000004,172.6
7.4167,F10.7_ADJ,6,2190,108.20415525114154,23.827153128650902,69.5,73.667,77.545,90.92500000000001,104.1,121.7,148.65499999999997,174.71000000000012,294.7
7.4167,F10.7_ADJ_LAST81,6,2190,109.86698630136986,16.294550949301232,80.2,80.9,86.145,95.7,108.0,124.5,136.9,140.4,159.3
7.5,F10.7_ADJ,6,2196,107.48866120218578,24.226162627530407,68.6,72.5,76.4,90.0,103.2,121.1,148.625,174.65000000000018,294.7
7.5,F10.7_ADJ_LAST81,6,2196,108.54389799635702,16.349399245448893,80.2,80.8,82.1,94.3,107.1,123.3,135.35000000000002,139.11000000000004,140.5
7.5833,F10.7_ADJ,6,2190,106.4544292237443,24.84028628592678,68.6,70.3,74.9,88.6,101.85,120.875,148.75499999999997,173.711,294.7
7.5833,F10.7_ADJ_LAST81,6,2190,107.72885844748859,17.03085094855898,74.3,78.7,81.1,93.3,105.9,122.875,135.40999999999994,139.122,140.5
7.6667,F10.7_ADJ,6,2190,105.40922374429223,25.172378700982478,68.6,70.3,74.545,87.1,100.05,119.35000000000001,149.15499999999997,175.88600000000034,294.7
7.6667,F10.7_ADJ_LAST81,6,2190,106.87383561643836,17.656853938108448,74.1,74.5,80.7,92.3,105.15,122.8,135.40999999999994,139.122,140.5
7.75,F10.7_ADJ,6,2190,103.96785388127854,25.176733159911947,68.6,70.089,73.94500000000001,85.7,98.4,117.175,149.20999999999995,177.75500000000005,294.7
7.75,F10.7_ADJ_LAST81,6,2190,105.76196347031964,18.075436079755058,73.5,74.1,79.94500000000001,91.2,104.35,121.875,135.40999999999994,139.122,140.5
7.8333,F10.7_ADJ,6,2190,102.12301369863013,25.18550418160203,68.6,70.0,73.0,83.92500000000001,96.7,114.175,149.00999999999993,177.75500000000005,294.7
7.8333,F10.7_ADJ_LAST81,6,2190,104.38703196347033,18.106402580128353,73.5,74.0,77.68,89.225,102.85,120.8,133.855,138.2,140.5
7.9167,F10.7_ADJ,6,2196,99.61534608378871,24.132196971627717,68.6,70.0,72.8,82.6,94.2,110.625,145.47500000000002,173.04000000000013,294.7
7.9167,F10.7_ADJ_LAST81,6,2196,102.5658469945355,17.97080774452561,73.5,74.0,76.7,87.6,100.2,117.5,132.225,138.0,140.5
8.0,F10.7_ADJ,6,2190,97.80922374429224,21.87870914770833,68.6,70.0,72.8,81.5,92.3,109.475,142.855,169.4,183.7
8.0,F10.7_ADJ_LAST81,6,2190,100.39378995433789,17.52024340535295,73.5,74.0,76.6,84.9,98.7,113.375,130.6,138.0,140.5
8.0833,F10.7_ADJ,6,2196,96.38674863387978,20.99981933304697,68.6,70.0,72.6,80.6,91.35,107.4,139.35000000000002,164.9250000000001,183.7
8.0833,F10.7_ADJ_LAST81,6,2196,98.4193533697632,16.862583662717125,73.5,74.0,76.6,83.2,97.65,109.1,129.4,136.205,138.8
8.1667,F10.7_ADJ,6,2190,94.61465753424658,20.37754588256517,68.2,69.6,71.8,79.3,89.9,104.2,136.86499999999992,163.41000000000014,183.7
8.1667,F10.7_ADJ_LAST81,6,2190,96.74456621004566,16.197507412732314,73.5,74.0,76.6,82.1,95.15,107.2,128.8,133.41100000000003,135.0
8.25,F10.7_ADJ,6,2190,93.7909589041096,20.19483627202864,67.5,69.289,71.745,78.4,88.9,103.275,134.55499999999998,164.3660000000001,185.5
8.25,F10.7_ADJ_LAST81,6,2190,95.35694063926941,15.769432087170676,73.5,74.0,74.99,81.5,94.0,105.7,127.5,133.41100000000003,135.0
8.3333,F10.7_ADJ,6,2190,92.33191780821917,20.121048697965414,67.0,68.789,71.0,77.1,87.1,101.2,132.96499999999992,164.3660000000001,185.5
8.3333,F10.7_ADJ_LAST81,6,2190,94.01817351598173,15.349506916606272,72.6,73.68900000000001,74.4,80.9,92.1,104.5,125.2,129.4,130.6
8.4167,F10.7_ADJ,6,2190,90.49205479452056,19.0722700667022,64.6,68.3,70.6,76.2,85.7,98.375,129.1,158.1990000000001,185.5
8.4167,F10.7_ADJ_LAST81,6,2190,92.67237442922375,15.059156058784229,72.6,73.5,74.1,80.0,88.2,102.1,122.25499999999997,129.1,129.7
8.5,F10.7_ADJ,6,2196,88.99257741347904,18.479325010745775,64.6,68.0,70.0,75.3,84.1,96.2,126.3,153.1300000000001,185.5
8.5,F10.7_ADJ_LAST81,6,2196,91.0441256830601,14.731295838927123,71.4,72.595,74.0,78.4,85.8,100.1,121.375,129.1,129.7
8.5833,F10.7_ADJ,6,2190,87.4845205479452,17.377976395770528,64.6,67.68900000000001,69.7,74.9,83.0,94.3,120.5,151.122,185.5
8.5833,F10.7_ADJ_LAST81,6,2190,89.34328767123287,13.950117953703208,70.0,71.4,73.4,77.9,84.7,98.975,115.95499999999997,128.711,129.6
8.6667,F10.7_ADJ,6,2196,86.05587431693989,16.00965304226257,64.6,67.2,69.4,74.4,82.1,93.1,117.05,138.84500000000017,185.5
8.6667,F10.7_ADJ_LAST81,6,2196,87.83897996357014,13.103329026573425,69.1,69.4,72.6,77.5,84.1,96.9,114.075,127.5,129.3
8.75,F10.7_ADJ,6,2190,84.32493150684931,14.135359451240443,64.6,66.6,68.745,73.9,80.65,91.07499999999999,112.30999999999995,133.43300000000005,185.5
8.75,F10.7_ADJ_LAST81,6,2190,86.30771689497715,11.888575879722094,68.5,69.2,71.8,77.3,83.3,94.8,107.55499999999996,121.33300000000004,125.7
8.8333,F10.7_ADJ,6,2190,83.44977168949772,14.506692189011165,64.6,66.6,68.3,73.4,79.7,89.8,111.05499999999996,131.23100000000028,305.6
8.8333,F10.7_ADJ_LAST81,6,2190,84.8892694063927,10.686866581371108,68.5,68.5,71.09,77.1,82.15,93.1,104.3,115.34400000000005,118.0
8.9167,F10.7_ADJ,6,2190,82.51456621004567,14.477263492021033,64.6,66.589,68.145,72.8,78.3,88.3,110.86499999999992,133.13300000000004,305.6
8.9167,F10.7_ADJ_LAST81,6,2190,83.70639269406392,9.897927449449,68.5,68.5,69.4,76.5,81.4,91.8,102.0,107.0,108.2
9.0,F10.7_ADJ,6,2190,81.22091324200913,13.629496038143749,64.6,66.589,68.1,72.2,77.0,86.6,108.2,127.26600000000008,305.6
9.0,F10.7_ADJ_LAST81,6,2190,82.73488584474886,9.551425446452571,68.5,68.5,69.4,75.4,80.8,89.7,101.1,105.03300000000004,107.3
9.0833,F10.7_ADJ,6,2190,80.66328767123288,13.569495058036981,64.6,66.4,68.0,71.8,76.5,85.7,106.35499999999998,127.26600000000008,305.6
9.0833,F10.7_ADJ_LAST81,6,2190,81.76196347031964,9.06611927762306,68.5,68.5,69.4,74.4,80.1,87.0,98.7,103.8,104.8
9.1667,F10.7_ADJ,6,2189,80.36007309273641,13.474661208839711,64.6,66.4,68.0,71.7,76.4,85.1,106.25999999999999,127.27199999999993,305.6
9.1667,F10.7_ADJ_LAST81,6,2189,80.94230242119689,8.587377082291903,68.5,68.5,69.4,73.6,79.7,86.2,97.0,100.5,102.5
9.25,F10.7_ADJ,6,2164,79.56871534195933,12.803823545254634,64.6,66.4,67.915,71.4,75.7,84.2,103.85499999999998,121.53699999999999,305.6
9.25,F10.7_ADJ_LAST81,6,2164,80.48022181146027,8.29276412845638,68.5,68.5,69.4,73.3,79.6,85.6,95.9,99.33699999999999,101.8
9.3333,F10.7_ADJ,6,2128,79.20639097744362,12.77009599446698,64.6,66.3,67.8,71.1,75.2,83.825,102.92999999999998,121.573,305.6
9.3333,F10.7_ADJ_LAST81,6,2128,80.01503759398496,8.192071309785657,68.5,68.5,69.3,72.9,78.8,85.125,95.365,99.373,101.8
9.4167,F10.7_ADJ,6,2103,79.08083689966715,12.584149442333864,65.5,66.3,67.6,70.9,75.2,83.9,101.8,119.49600000000001,305.6
9.4167,F10.7_ADJ_LAST81,6,2103,79.53875416072277,8.178056886077677,68.5,68.5,69.3,72.5,78.2,84.5,94.6,99.39800000000001,101.8
9.5,F10.7_ADJ,6,2067,79.09264634736333,12.589209031506089,65.5,66.2,67.5,71.0,75.4,84.2,100.96999999999998,120.00599999999993,305.6
9.5,F10.7_ADJ_LAST81,6,2067,79.28379293662313,8.144678182869212,68.2,68.5,69.1,72.4,78.2,84.2,94.8,99.46799999999999,101.8
9.5833,F10.7_ADJ,6,2037,78.65189003436426,12.36080505400787,65.5,66.2,67.4,70.9,75.1,83.2,100.01999999999998,120.27599999999988,305.6
9.5833,F10.7_ADJ_LAST81,6,2037,79.13902798232695,7.991288456573909,67.8,68.2,68.8,72.4,78.1,84.0,94.63999999999996,99.52799999999998,101.8
9.6667,F10.7_ADJ,6,2006,77.9944666001994,11.836922844791514,65.5,66.2,67.4,70.525,74.6,82.3,98.475,117.995,305.6
9.6667,F10.7_ADJ_LAST81,6,2006,78.88354935194417,7.775149271802442,67.8,68.0,68.5,72.4,77.85,83.7,92.6,98.28500000000001,101.6
9.75,F10.7_ADJ,6,1976,77.60217611336033,11.59009836335566,65.5,66.3,67.7,70.4,74.3,81.3,97.825,118.125,305.6
9.75,F10.7_ADJ_LAST81,6,1976,78.42925101214576,7.499760984934,67.8,68.0,68.5,72.2,77.0,83.4,91.825,96.7,100.5
9.8333,F10.7_ADJ,6,1951,77.10415171706818,9.924524308721603,65.5,66.3,67.8,70.2,74.2,80.5,96.25,115.6,144.1
9.8333,F10.7_ADJ_LAST81,6,1951,77.92957457713993,7.211717088002282,67.8,68.0,68.7,72.0,76.5,82.7,91.15,94.4,100.5
9.9167,F10.7_ADJ,6,1915,76.72757180156657,9.723652453529537,65.5,66.314,67.87,70.2,73.6,79.6,96.02999999999999,114.91599999999994,144.1
9.9167,F10.7_ADJ_LAST81,6,1915,77.41362924281985,6.8448538463605475,67.8,68.0,68.7,71.9,75.5,82.4,90.7,92.2,94.1
10.0,F10.7_ADJ,6,1890,76.36814814814814,9.52352531469014,65.5,66.3,67.8,69.9,73.2,79.375,95.1,113.42099999999989,144.1
10.0,F10.7_ADJ_LAST81,6,1890,76.96052910052911,6.7059748124117355,67.8,68.0,68.7,71.9,74.75,81.9,90.6,92.1,92.8
10.0833,F10.7_ADJ,6,1794,75.94186176142699,9.037235552199775,65.5,66.493,67.9,69.8,73.0,78.8,94.10499999999998,105.58399999999992,144.1
10.0833,F10.7_ADJ_LAST81,6,1794,76.68857302118171,6.645444105150241,67.8,68.0,68.6,71.6,74.55,80.8,90.7,92.10699999999999,92.8
10.1667,F10.7_ADJ,5,1708,75.54707259953162,8.990712364671205,65.5,66.40700000000001,67.8,69.6,72.5,78.0,93.16499999999999,106.61600000000008,144.1
10.1667,F10.7_ADJ_LAST81,5,1708,76.39959016393442,6.56809447957528,67.8,68.0,68.6,71.2,74.3,79.9,90.7,92.19300000000001,92.8
10.25,F10.7_ADJ,5,1643,75.30273889227024,8.606845761109742,65.5,66.4,67.7,69.6,72.4,77.8,92.28999999999998,103.43199999999997,144.1
10.25,F10.7_ADJ_LAST81,5,1643,75.95149117468046,6.361153796026346,67.8,68.0,68.5,71.0,73.9,79.4,90.4,92.1,92.8
10.3333,F10.7_ADJ,5,1583,75.43790271636135,9.093773513296707,65.5,66.5,67.61,69.55,72.4,78.0,93.4,108.93600000000033,144.1
10.3333,F10.7_ADJ_LAST81,5,1583,75.66310802274164,6.153318485759201,67.8,68.0,68.5,71.0,73.8,79.2,89.88999999999999,91.9,92.6
10.4167,F10.7_ADJ,5,1521,74.9990795529257,8.751493057254127,63.4,66.24000000000001,67.7,69.5,72.0,77.3,91.2,112.15999999999977,144.1
10.4167,F10.7_ADJ_LAST81,5,1521,75.55627876397108,6.048290457565809,67.8,68.0,68.3,70.9,73.9,79.4,89.1,91.8,92.6
10.5,F10.7_ADJ,5,1460,74.25835616438356,7.238113465203299,63.4,66.6,67.8,69.4,71.9,76.7,88.30499999999999,98.98700000000007,123.7
10.5,F10.7_ADJ_LAST81,5,1460,75.33753424657533,5.976682078354302,67.8,67.85900000000001,68.1,70.9,73.4,79.325,86.72999999999998,91.74100000000001,92.6
10.5833,F10.7_ADJ,5,1372,74.30969387755101,7.201400963437518,63.4,66.8,67.9,69.5,71.9,76.725,88.245,98.90299999999998,123.7
10.5833,F10.7_ADJ_LAST81,5,1372,75.05932944606414,5.545010477759375,67.8,67.9,68.255,70.9,73.3,79.025,85.3,91.1,92.6
10.6667,F10.7_ADJ,5,1277,74.21730618637432,7.075289659947774,63.4,66.8,67.9,69.4,72.0,76.7,87.84,99.4,123.7
10.6667,F10.7_ADJ_LAST81,5,1277,74.74487079091621,4.911144554338165,67.8,67.9,68.5,70.9,73.4,78.8,83.92000000000002,86.168,89.4
10.75,F10.7_ADJ,5,1189,74.09268292682927,7.131117277170559,63.4,66.8,67.9,69.4,71.8,76.5,87.8,99.59199999999983,123.7
10.75,F10.7_ADJ_LAST81,5,1189,74.62775441547518,4.587875995315445,67.8,67.9,68.5,71.0,73.6,78.4,83.2,85.4,85.8
10.8333,F10.7_ADJ,5,1094,73.81800731261426,7.1288619495176375,63.4,66.693,67.7,69.3,71.6,76.07499999999999,87.46999999999998,99.5119999999999,123.7
10.8333,F10.7_ADJ_LAST81,5,1094,74.54652650822669,4.502629281761541,67.8,67.9,68.3,71.1,73.55,77.9,83.3,85.407,85.8
10.9167,F10.7_ADJ,5,1003,73.67686939182452,7.471762102212985,63.4,65.912,67.4,69.0,70.9,76.1,87.78999999999999,100.96800000000003,123.7
10.9167,F10.7_ADJ_LAST81,5,1003,74.43479561316052,4.6179740432977265,67.8,67.9,68.1,71.0,73.4,77.7,83.67999999999999,85.498,85.8
11.0,F10.7_ADJ,3,879,73.68828213879408,7.730682391267787,63.4,65.756,66.9,68.6,70.9,76.45,87.81999999999998,104.54400000000001,123.7
11.0,F10.7_ADJ_LAST81,3,879,74.47645051194537,4.885115523076296,67.8,67.9,68.0,70.9,73.7,77.7,84.2,85.5,85.8
11.0833,F10.7_ADJ,3,819,73.44725274725275,7.44757728929687,63.4,65.636,66.89,68.55,70.9,76.25,87.6,103.32999999999959,123.7
11.0833,F10.7_ADJ_LAST81,3,819,74.27631257631258,5.077846373670352,67.4,67.5,67.9,69.8,73.7,76.9,84.2,85.5,85.8
11.1667,F10.7_ADJ,3,760,73.53999999999999,7.489988399103755,63.4,65.6,66.8,68.5,71.1,76.4,87.6,104.582,123.7
11.1667,F10.7_ADJ_LAST81,3,760,74.13236842105263,5.009553946892631,67.4,67.459,67.9,69.7,73.7,76.7,84.3,85.5,85.8
11.25,F10.7_ADJ,3,697,73.20430416068865,7.555549749839246,63.4,65.59599999999999,66.8,68.5,70.7,75.5,87.6,104.8039999999999,123.7
11.25,F10.7_ADJ_LAST81,3,697,74.02467718794834,4.800861326032244,67.4,67.4,67.9,70.4,73.7,76.5,84.42,85.50399999999999,85.8
11.3333,F10.7_ADJ,3,638,72.37445141065831,5.630592257021043,63.4,65.53699999999999,66.8,68.5,70.3,74.8,84.74999999999997,90.9,94.4
11.3333,F10.7_ADJ_LAST81,3,638,73.84247648902821,4.745282526811021,67.4,67.4,67.9,70.5,73.2,75.7,84.615,85.563,85.8
11.4167,F10.7_ADJ,3,575,72.19669565217391,5.27957469147757,65.1,66.274,66.87,68.5,70.2,74.75,83.72999999999999,89.75999999999999,93.1
11.4167,F10.7_ADJ_LAST81,3,575,73.3911304347826,4.280586751360004,67.4,67.4,67.9,70.5,72.8,75.35,84.22999999999999,85.4,85.6
11.5,F10.7_ADJ,2,517,71.75744680851064,5.0461559223443455,65.1,66.21600000000001,66.8,68.5,70.0,73.1,82.44,90.33999999999997,93.1
11.5,F10.7_ADJ_LAST81,2,517,72.89613152804642,3.303795169998059,67.4,67.4,67.98,70.7,72.4,75.2,78.32,83.96799999999999,84.3
11.5833,F10.7_ADJ,2,485,70.99608247422681,4.542690649856248,65.1,66.2,66.8,68.4,69.6,71.8,80.4,90.54799999999999,93.1
11.5833,F10.7_ADJ_LAST81,2,485,72.20948453608247,2.6571735010608006,67.4,67.4,67.9,70.6,71.5,74.6,76.7,78.416,78.6
11.6667,F10.7_ADJ,2,455,70.18329670329669,3.8303256250809934,65.1,66.2,66.8,68.0,69.2,70.85,77.27999999999997,87.11999999999996,91.1
11.6667,F10.7_ADJ_LAST81,2,455,71.450989010989,2.2077242528293604,67.4,67.4,67.8,70.3,71.0,72.8,75.5,76.3,76.7
11.75,F10.7_ADJ,2,424,69.82853773584907,3.8511502974085356,65.1,66.2,66.7,67.8,68.8,70.1,76.985,87.73999999999997,91.1
11.75,F10.7_ADJ_LAST81,2,424,70.69457547169812,1.8013243903590432,67.4,67.4,67.8,69.2,70.8,71.9,73.8,75.2,75.3
11.8333,F10.7_ADJ,2,394,69.65862944162437,3.9095289278122376,65.1,66.2,66.7,67.7,68.55,69.8,77.035,88.256,91.1
11.8333,F10.7_ADJ_LAST81,2,394,70.08959390862944,1.5816596229639472,67.4,67.4,67.7,68.6,70.4,71.1,72.8,72.9,73.0
11.9167,F10.7_ADJ,1,366,69.78032786885247,4.023315051272587,65.9,66.2,66.6,67.725,68.65,69.9,77.55,88.48000000000002,91.1
11.9167,F10.7_ADJ_LAST81,1,366,69.8191256830601,1.7047123408312645,67.4,67.4,67.7,68.0,70.05,71.0,72.8,72.9,73.0
12.0,F10.7_ADJ,1,365,69.83890410958904,4.009133652284327,65.6,65.964,66.8,67.8,68.7,70.0,77.58000000000001,88.48800000000001,91.1
12.0,F10.7_ADJ_LAST81,1,365,69.78438356164384,1.7386531561905139,67.4,67.4,67.7,67.9,70.1,71.0,72.8,72.9,73.0
12.0833,F10.7_ADJ,1,366,69.2396174863388,3.065743355050428,65.2,65.9,66.42500000000001,67.525,68.5,69.7,76.275,82.47000000000001,88.2
12.0833,F10.7_ADJ_LAST81,1,366,69.75737704918032,1.7544737976839346,67.4,67.5,67.7,67.9,70.05,71.0,72.8,72.9,73.0
12.1667,F10.7_ADJ,1,335,68.84238805970149,2.6664572526287618,65.2,65.9,66.4,67.5,68.3,69.5,71.82000000000001,81.99200000000003,88.2
12.1667,F10.7_ADJ_LAST81,1,335,69.64208955223882,1.7806146228395852,67.4,67.5,67.7,67.9,69.2,70.9,72.8,72.9,73.0
12.25,F10.7_ADJ,1,305,68.77508196721313,2.7721776917152128,65.2,65.9,66.4,67.4,68.2,69.3,72.58000000000001,82.35199999999998,88.2
12.25,F10.7_ADJ_LAST81,1,305,69.34491803278688,1.5779677792458955,67.4,67.5,67.61999999999999,67.9,68.8,70.8,72.03999999999999,72.9,73.0
12.3333,F10.7_ADJ,1,274,68.7536496350365,2.9108244054366423,65.2,65.873,66.36500000000001,67.3,68.1,69.2,72.90499999999999,82.454,88.2
12.3333,F10.7_ADJ_LAST81,1,274,69.07080291970803,1.376099524892377,67.4,67.5,67.6,67.9,68.6,70.8,71.2,71.3,71.3
12.4167,F10.7_ADJ,1,244,68.17581967213115,1.4265376312732079,65.2,65.843,66.215,67.2,68.0,68.8,70.8,72.757,73.3
12.4167,F10.7_ADJ_LAST81,1,244,68.89180327868851,1.3504207644200608,67.4,67.5,67.6,67.875,68.05,70.64999999999999,71.2,71.3,71.3
12.5,F10.7_ADJ,1,214,67.95560747663552,1.3133626537348804,65.2,65.813,66.2,67.1,67.8,68.475,70.36999999999999,72.78699999999999,73.3
12.5,F10.7_ADJ_LAST81,1,214,68.61028037383177,1.196782429655555,67.4,67.5,67.6,67.8,67.9,69.1,71.2,71.3,71.3
