группа,ключ,параметр,n,mean,std,min,P1,P5,P25,P50,P75,P95,P99,max
весь период,1957,AP_AVG,25174,12.899896718836896,14.713349368979703,0.0,1.0,2.0,5.0,9.0,16.0,37.0,73.0,280.0
весь период,1957,F10.7_ADJ,25174,122.82369905458012,51.51411290851087,52.5,67.2,69.0,77.9,108.7,154.875,225.1,270.427,399.2
весь период,1957,F10.7_ADJ_LAST81,25174,123.01612775085405,47.661929959647836,67.0,67.9,70.3,79.6,111.8,156.2,215.7,239.32700000000006,273.4
год,1957,AP_AVG,92,16.532608695652176,11.40700679884669,2.0,2.91,4.0,8.0,13.5,21.0,35.50000000000003,53.99000000000004,64.0
год,1957,F10.7_ADJ,92,271.81739130434784,36.690929527656294,206.0,207.001,225.20499999999998,245.07500000000002,270.3,288.775,346.13,364.62100000000004,370.9
год,1957,F10.7_ADJ_LAST81,92,260.1967391304348,12.001698149872366,235.5,236.137,238.265,250.15,265.6,269.2,272.15,273.4,273.4
год,1958,AP_AVG,365,19.293150684931508,21.634173267264014,2.0,3.0,4.0,8.0,13.0,22.0,54.80000000000001,94.04000000000019,200.0
год,1958,F10.7_ADJ,365,231.98876712328766,33.427417842030955,161.3,164.464,180.6,207.9,228.4,252.8,291.4,328.22800000000007,344.2
год,1958,F10.7_ADJ_LAST81,365,237.8572602739726,12.780298331428462,220.4,220.6,221.5,228.7,236.3,242.9,267.62,271.616,272.9
год,1959,AP_AVG,365,21.405479452054795,24.196993106326786,1.0,3.0,4.0,8.0,14.0,25.0,61.0,115.80000000000007,236.0
год,1959,F10.7_ADJ,365,210.1391780821918,37.78464096334897,144.8,149.184,156.04000000000002,183.9,205.1,231.5,279.22,316.82800000000003,330.3
год,1959,F10.7_ADJ_LAST81,365,214.93863013698632,17.561166676545067,174.2,174.664,175.7,214.3,219.1,226.3,237.3,240.336,240.6
год,1960,AP_AVG,366,23.707650273224044,30.557097625356626,2.0,3.0,4.0,8.0,16.0,26.0,67.0,178.20000000000027,280.0
год,1960,F10.7_ADJ,366,162.00792349726777,28.830667035358726,101.4,109.525,120.85,141.95,158.85000000000002,177.575,218.67499999999998,246.61500000000004,256.3
год,1960,F10.7_ADJ_LAST81,366,166.60000000000002,10.866668907751121,140.6,140.865,144.05,160.625,167.14999999999998,172.275,185.625,189.005,189.5
год,1961,AP_AVG,365,14.449315068493151,16.72402959033412,1.0,1.0,3.0,5.0,9.0,17.0,42.0,99.44000000000005,129.0
год,1961,F10.7_ADJ,365,105.51041095890412,16.523945365288654,76.1,78.676,82.67999999999999,94.4,102.1,114.4,136.38,158.70400000000006,173.0
год,1961,F10.7_ADJ_LAST81,365,110.48465753424657,10.90699872123044,90.8,91.3,93.11999999999999,104.3,108.9,115.5,135.54,140.736,141.0
год,1962,AP_AVG,365,12.331506849315069,9.960759226661335,1.0,1.0,2.0,5.0,9.0,16.0,32.80000000000001,46.360000000000014,59.0
год,1962,F10.7_ADJ,365,90.28602739726026,13.180448676237832,72.4,72.4,74.24000000000001,80.7,86.8,96.5,115.08000000000001,128.49200000000005,134.6
год,1962,F10.7_ADJ_LAST81,365,91.45178082191781,5.736918071823756,82.4,83.228,83.8,86.1,91.2,97.6,99.9,100.736,100.8
год,1963,AP_AVG,365,12.638356164383561,13.460183755838191,0.0,1.0,2.0,5.0,9.0,16.0,35.80000000000001,66.96000000000015,126.0
год,1963,F10.7_ADJ,365,81.23452054794521,7.9084016113856235,68.0,69.728,72.42,75.7,79.0,85.1,98.66000000000001,106.272,112.2
год,1963,F10.7_ADJ_LAST81,365,81.48575342465753,2.8687717620176847,76.9,76.9,77.3,78.6,82.0,83.9,85.88000000000001,86.536,86.6
год,1964,AP_AVG,366,10.0,8.51107256251429,1.0,1.0,2.0,4.0,7.0,13.0,27.0,44.700000000000045,53.0
год,1964,F10.7_ADJ,366,72.53715846994535,3.008697276371598,66.8,67.9,68.825,70.2,71.95,74.07499999999999,78.1,83.235,85.4
год,1964,F10.7_ADJ_LAST81,366,72.87213114754097,2.1714686260022504,70.1,70.165,70.3,70.9,72.4,74.375,76.6,79.57000000000001,80.2
год,1965,AP_AVG,365,7.791780821917809,7.24003205294377,1.0,1.0,2.0,4.0,6.0,10.0,19.0,32.08000000000004,73.0
год,1965,F10.7_ADJ,365,76.36684931506849,4.8940109386770905,69.6,70.164,70.92,73.2,75.2,78.5,84.18,94.78,97.9
год,1965,F10.7_ADJ_LAST81,365,76.29369863013697,1.8999967516233907,72.7,72.7,73.02,74.8,76.5,77.9,79.38000000000001,79.6,79.6
год,1966,AP_AVG,365,10.326027397260274,12.184051314231189,1.0,2.0,2.0,4.0,6.0,12.0,26.80000000000001,70.96000000000015,112.0
год,1966,F10.7_ADJ,365,102.24657534246575,16.19363328113539,74.8,75.656,77.82,92.9,100.8,111.0,128.88,151.66000000000008,162.9
год,1966,F10.7_ADJ_LAST81,365,97.74027397260274,12.326305067944308,75.6,75.664,77.86,87.3,99.6,110.1,111.76,114.136,114.6
год,1967,AP_AVG,365,12.046575342465754,14.835749833749897,1.0,2.0,3.0,5.0,8.0,13.0,34.60000000000002,71.56000000000029,146.0
год,1967,F10.7_ADJ,365,143.24739726027397,24.302460533603487,96.5,102.26,111.22,127.2,136.6,157.9,195.16000000000003,213.172,218.8
год,1967,F10.7_ADJ_LAST81,365,139.0682191780822,7.84032814659785,114.7,116.184,121.17999999999999,134.7,140.4,145.0,148.67999999999998,149.9,150.0
год,1968,AP_AVG,366,13.568306010928962,13.40964612423958,1.0,2.0,3.0,6.0,10.0,16.0,35.0,63.15000000000066,122.0
год,1968,F10.7_ADJ,366,149.11256830601096,22.73161350550846,111.8,115.895,123.65,134.55,144.2,156.25,191.35,233.2800000000002,254.1
год,1968,F10.7_ADJ_LAST81,366,150.4573770491803,10.022871800471027,139.1,139.495,140.625,143.8,145.9,155.7,171.9,175.435,175.9
год,1969,AP_AVG,365,11.419178082191781,12.835697320216834,1.0,1.0,3.0,5.0,8.0,13.0,32.0,65.24000000000012,131.0
год,1969,F10.7_ADJ,365,151.14027397260273,27.447154918343465,103.9,111.06400000000001,116.52,131.6,144.9,165.7,204.5,236.096,246.7
год,1969,F10.7_ADJ_LAST81,365,150.50986301369863,7.405864266284776,139.0,139.164,140.6,143.6,148.9,156.5,162.28,162.9,162.9
год,1970,AP_AVG,365,12.027397260273972,14.619695997669657,1.0,1.6400000000000001,3.0,5.0,8.0,14.0,33.200000000000045,88.08000000000004,149.0
год,1970,F10.7_ADJ,365,155.9893150684931,22.306309678040808,113.0,117.49199999999999,123.84,137.3,154.2,169.5,196.96,206.76000000000002,224.7
год,1970,F10.7_ADJ_LAST81,365,155.6668493150685,7.526694047699244,141.3,141.528,144.42000000000002,149.3,154.4,163.1,166.07999999999998,166.936,167.3
год,1971,AP_AVG,365,11.306849315068494,10.217098478024436,0.0,1.0,2.0,5.0,8.0,14.0,32.80000000000001,48.08000000000004,73.0
год,1971,F10.7_ADJ,365,118.22602739726027,19.023685550448004,88.8,89.728,93.44,106.1,113.2,129.2,155.12,172.6200000000001,182.9
год,1971,F10.7_ADJ_LAST81,365,121.85863013698629,15.55049956045974,105.8,106.064,108.61999999999999,111.1,113.5,132.1,153.78,154.772,155.1
год,1972,AP_AVG,366,12.669398907103826,16.557992505194616,2.0,2.0,3.0,5.0,8.0,14.0,30.75,91.20000000000027,182.0
год,1972,F10.7_ADJ,366,121.02459016393442,21.89033555995578,77.7,82.42999999999999,91.675,103.725,117.6,135.475,161.775,181.8300000000001,202.5
год,1972,F10.7_ADJ_LAST81,366,122.68306010928961,7.531754688800438,107.7,107.8,108.55,115.775,124.15,128.67499999999998,133.67499999999998,134.8,135.0
год,1973,AP_AVG,365,17.076712328767123,15.126377155975588,2.0,2.0,4.0,6.0,12.0,22.0,48.0,80.36000000000001,91.0
год,1973,F10.7_ADJ,365,93.35972602739727,13.284711734125011,70.4,70.628,72.78,83.9,93.2,101.0,115.86000000000001,129.90400000000002,136.5
год,1973,F10.7_ADJ_LAST81,365,95.59808219178083,5.7499088997881795,81.7,81.9,84.98,91.8,97.5,99.6,102.1,107.9,108.0
год,1974,AP_AVG,365,19.665753424657535,15.302016486901563,1.0,3.0,4.0,9.0,16.0,25.0,44.60000000000002,76.88000000000011,130.0
год,1974,F10.7_ADJ,365,86.65123287671233,13.106884352579113,69.6,70.592,71.8,77.0,83.3,93.0,115.08,128.23200000000003,144.1
год,1974,F10.7_ADJ_LAST81,365,86.68383561643836,4.53956194034914,78.1,78.264,79.8,81.5,88.5,90.7,92.1,92.6,92.8
год,1975,AP_AVG,365,13.986301369863014,11.062128680904175,2.0,2.0,3.0,6.0,10.0,18.0,36.0,50.72000000000003,80.0
год,1975,F10.7_ADJ,365,76.13917808219178,8.430395320307413,67.3,67.5,68.3,70.7,74.2,78.7,90.9,116.052,123.7
год,1975,F10.7_ADJ_LAST81,365,76.96904109589042,4.796467382637153,70.8,70.8,71.0,72.1,76.3,81.4,85.4,85.636,85.8
год,1976,AP_AVG,366,12.997267759562842,13.510726055316457,2.0,2.0,3.0,6.0,9.0,16.0,32.5,54.150000000000205,145.0
год,1976,F10.7_ADJ,366,73.37486338797814,4.373171239914439,67.1,67.4,68.125,69.9,72.6,75.8,82.275,85.34,91.2
год,1976,F10.7_ADJ_LAST81,366,73.46010928961749,1.3932101451579375,70.4,70.4,70.725,72.5,73.6,74.57499999999999,75.6,75.9,76.0
год,1977,AP_AVG,365,11.936986301369863,10.645840993228695,2.0,2.64,3.0,6.0,9.0,14.0,28.80000000000001,62.360000000000014,69.0
год,1977,F10.7_ADJ,365,86.94027397260274,11.011127984233603,68.4,71.328,74.1,77.6,85.2,93.2,107.64,120.372,120.7
год,1977,F10.7_ADJ_LAST81,365,84.47123287671234,7.964931369296126,72.9,73.0,73.52,77.3,86.3,90.8,96.68,97.8,97.8
год,1978,AP_AVG,365,16.972602739726028,17.79737340382752,1.0,2.0,3.0,6.0,11.0,20.0,50.80000000000001,91.16000000000008,124.0
год,1978,F10.7_ADJ,365,143.47342465753425,25.496488242306032,83.8,86.848,103.48,126.4,143.3,162.6,182.17999999999998,199.7360000000001,217.4
год,1978,F10.7_ADJ_LAST81,365,136.39945205479452,17.097991647566385,95.5,96.792,97.4,131.1,140.8,147.3,157.5,159.636,160.4
год,1979,AP_AVG,365,14.536986301369863,12.840178900208995,2.0,2.0,4.0,7.0,11.0,17.0,36.0,65.44000000000005,126.0
год,1979,F10.7_ADJ,365,191.58958904109588,31.57448025545436,139.1,141.456,149.2,169.0,186.7,210.5,237.62,300.21600000000024,367.2
год,1979,F10.7_ADJ_LAST81,365,186.88027397260274,16.313508018840604,160.6,161.428,166.52,175.9,181.6,192.8,220.57999999999998,221.4,221.6
год,1980,AP_AVG,366,11.163934426229508,8.979758658993598,1.0,2.0,3.0,5.0,8.0,14.0,27.75,41.40000000000009,79.0
год,1980,F10.7_ADJ,366,198.51830601092897,33.40314427615308,130.9,132.92499999999998,147.65,174.225,194.15,221.0,255.25,282.2150000000001,292.9
год,1980,F10.7_ADJ_LAST81,366,197.23032786885247,10.282651084076763,180.4,181.1,182.725,188.025,197.25,206.55,213.575,214.9,215.1
год,1981,AP_AVG,365,16.339726027397262,15.938056085761044,1.0,3.0,4.0,7.0,11.0,19.0,45.0,79.08000000000004,134.0
год,1981,F10.7_ADJ,365,202.59808219178083,36.985531350501645,129.7,135.54,150.78,175.0,199.7,228.6,268.46000000000004,289.48400000000004,302.8
год,1981,F10.7_ADJ_LAST81,365,204.5490410958904,14.470281421162726,178.0,178.228,179.96,193.3,206.4,215.1,228.5,230.608,231.1
год,1982,AP_AVG,365,22.454794520547946,21.630418657300183,2.0,3.0,4.199999999999999,10.0,17.0,27.0,54.0,117.08000000000038,199.0
год,1982,F10.7_ADJ,365,174.84109589041097,37.53549688319381,96.4,104.88,127.5,147.6,167.4,196.0,245.38,276.1240000000001,289.0
год,1982,F10.7_ADJ_LAST81,365,176.63397260273973,13.773128274715761,157.9,158.464,161.72,164.8,171.9,189.6,201.57999999999998,204.57600000000002,209.3
год,1983,AP_AVG,365,18.572602739726026,15.194465268660887,2.0,2.64,4.0,9.0,14.0,24.0,46.60000000000002,72.5200000000001,143.0
год,1983,F10.7_ADJ,365,119.85287671232878,22.163067578834596,78.2,79.876,83.64,102.2,120.5,137.3,154.38,164.92000000000007,191.3
год,1983,F10.7_ADJ_LAST81,365,129.87287671232878,19.365463018233843,93.7,95.984,101.92,117.9,126.7,137.5,169.78,174.608,175.1
год,1984,AP_AVG,366,18.87704918032787,15.458957346073236,1.0,3.0,5.0,9.0,14.0,23.0,46.0,78.1500000000002,112.0
год,1984,F10.7_ADJ,366,100.91120218579235,27.426823390442355,68.2,69.3,70.92500000000001,76.1,94.19999999999999,119.5,153.39999999999998,174.275,183.7
год,1984,F10.7_ADJ_LAST81,366,102.66038251366122,20.067062602611227,73.7,73.8,74.0,83.25,100.95,123.175,129.17499999999998,129.6,129.7
год,1985,AP_AVG,365,13.764383561643836,11.682585070026683,3.0,3.0,4.0,6.0,10.0,17.0,37.0,58.72000000000003,103.0
год,1985,F10.7_ADJ,365,74.75342465753425,7.270036394239451,65.8,66.0,67.5,69.7,72.4,77.5,91.62,96.852,104.6
год,1985,F10.7_ADJ_LAST81,365,74.85863013698629,3.1843820950242834,71.3,71.4,71.5,72.4,73.6,77.7,80.9,82.0,82.3
год,1986,AP_AVG,365,12.520547945205479,15.184315929549866,2.0,2.64,3.0,5.0,8.0,15.0,29.80000000000001,72.4000000000002,202.0
год,1986,F10.7_ADJ,365,73.99424657534247,6.940599207317477,66.0,67.128,68.22,69.6,71.6,74.9,91.4,97.48,99.9
год,1986,F10.7_ADJ_LAST81,365,73.97753424657535,2.1756871977556416,70.4,70.4,70.7,72.2,73.8,76.2,76.9,77.3,77.3
год,1987,AP_AVG,365,11.016438356164384,8.472304811460987,1.0,2.0,3.0,5.0,9.0,13.0,29.0,41.08000000000004,52.0
год,1987,F10.7_ADJ,365,85.35369863013699,12.084733751886372,67.4,67.864,69.1,74.4,85.1,94.4,105.32000000000001,115.236,117.8
год,1987,F10.7_ADJ_LAST81,365,82.96876712328768,8.615145101749063,69.9,69.9,70.2,74.3,84.7,90.8,95.1,96.436,96.6
год,1988,AP_AVG,366,12.789617486338798,12.230525537431971,2.0,2.65,3.0,6.0,9.0,15.0,31.75,68.25000000000034,106.0
год,1988,F10.7_ADJ,366,141.08306010928962,32.78492950526004,93.5,96.36500000000001,100.25,112.95,138.15,162.025,194.475,240.72500000000002,246.6
год,1988,F10.7_ADJ_LAST81,366,131.7860655737705,24.767515121622473,95.8,95.9,97.75,108.25,130.25,157.6,162.2,169.54000000000002,170.2
год,1989,AP_AVG,365,19.523287671232875,22.044351650955264,1.0,2.0,4.0,8.0,13.0,24.0,50.80000000000001,110.08000000000004,246.0
год,1989,F10.7_ADJ,365,213.42356164383563,33.99028615963551,155.8,158.65200000000002,166.94,189.2,207.1,233.7,274.5,314.2720000000001,334.7
год,1989,F10.7_ADJ_LAST81,365,209.65534246575345,11.15781671529763,170.6,172.48399999999998,189.54,204.7,212.8,217.6,221.48,223.336,223.8
год,1990,AP_AVG,365,16.312328767123287,16.027311384673524,1.0,2.0,3.0,7.0,11.0,19.0,44.60000000000002,82.60000000000014,124.0
год,1990,F10.7_ADJ,365,189.813698630137,36.068487642857896,123.6,130.096,142.5,161.2,186.8,211.8,250.16,300.3160000000001,329.2
год,1990,F10.7_ADJ_LAST81,365,192.4605479452055,8.366365795374245,180.8,181.32,182.0,186.2,190.5,197.9,210.57999999999998,213.352,214.8
год,1991,AP_AVG,365,23.4986301369863,25.68058494608846,3.0,4.0,4.199999999999999,8.0,14.0,28.0,67.0,128.72000000000003,197.0
год,1991,F10.7_ADJ,365,208.03452054794522,39.962983044927526,128.1,136.788,152.12,179.6,200.4,235.0,277.56,313.35200000000003,359.2
год,1991,F10.7_ADJ_LAST81,365,206.78082191780823,13.387143840331143,183.7,183.864,185.62,198.1,206.5,214.4,233.3,235.48000000000002,236.3
год,1992,AP_AVG,366,16.538251366120218,16.897026120842177,2.0,3.65,4.0,7.0,12.0,18.75,45.5,85.40000000000009,179.0
год,1992,F10.7_ADJ,366,149.96311475409837,39.96348374468189,94.4,97.425,103.25,122.125,138.95,165.9,243.075,270.96000000000004,293.5
год,1992,F10.7_ADJ_LAST81,366,156.8346994535519,34.42467056246264,119.6,119.7,120.95,128.4,137.14999999999998,195.325,215.22500000000002,220.0,220.8
год,1993,AP_AVG,365,15.112328767123287,13.343351898665313,2.0,2.64,3.0,6.0,11.0,20.0,39.80000000000001,68.68000000000018,91.0
год,1993,F10.7_ADJ,365,109.56109589041097,20.427126408313512,79.5,79.99199999999999,82.6,93.3,104.9,123.5,143.48,172.56800000000004,183.4
год,1993,F10.7_ADJ_LAST81,365,113.88794520547945,15.561276163000421,93.2,93.3,93.6,96.8,113.6,130.9,135.20000000000002,138.8,139.1
год,1994,AP_AVG,365,18.186301369863013,15.929560908358475,2.0,2.64,4.0,7.0,13.0,24.0,50.0,73.28000000000031,100.0
год,1994,F10.7_ADJ,365,85.62986301369861,11.899584960574485,69.5,70.3,72.34,77.1,83.8,91.2,105.52,128.316,143.4
год,1994,F10.7_ADJ_LAST81,365,87.6254794520548,8.932988166645487,78.7,78.8,79.82,81.1,82.4,95.7,104.0,104.636,104.7
год,1995,AP_AVG,365,12.7013698630137,11.331960214108776,1.0,2.0,3.0,5.0,8.0,18.0,34.0,46.08000000000004,100.0
год,1995,F10.7_ADJ,365,77.15123287671233,6.65688356143958,66.4,67.428,68.9,72.0,75.0,82.0,89.68,93.78,97.3
год,1995,F10.7_ADJ_LAST81,365,78.21369863013699,3.068419209851912,73.3,73.6,73.8,75.3,78.1,81.1,83.0,83.636,83.7
год,1996,AP_AVG,366,9.37704918032787,6.908396164825626,1.0,2.0,3.0,5.0,7.0,11.0,25.75,37.35000000000002,38.0
год,1996,F10.7_ADJ,366,72.05601092896175,5.211436784494689,65.7,66.665,67.4,68.92500000000001,70.5,72.975,82.3,96.06500000000004,101.7
год,1996,F10.7_ADJ_LAST81,366,71.5035519125683,1.1989554615028715,69.5,69.6,69.9,70.7,71.3,72.3,73.6,74.2,74.4
год,1997,AP_AVG,365,8.465753424657533,7.876244349239279,1.0,1.0,2.0,4.0,6.0,10.0,21.0,44.0,59.0
год,1997,F10.7_ADJ,365,80.85616438356165,11.238715785194335,52.5,69.3,70.3,72.4,76.4,86.9,104.28,114.49200000000003,121.1
год,1997,F10.7_ADJ_LAST81,365,78.75260273972602,7.133855597057091,71.9,71.9,72.0,73.6,74.9,85.6,91.8,92.772,93.5
год,1998,AP_AVG,365,12.065753424657535,14.915920206221747,0.0,2.0,3.0,5.0,8.0,12.0,35.0,69.24000000000012,144.0
год,1998,F10.7_ADJ,365,118.00767123287672,21.86130723852829,55.8,80.332,86.94,101.5,117.5,133.3,157.04,174.43200000000004,181.8
год,1998,F10.7_ADJ_LAST81,365,112.98958904109588,15.098489885040516,90.9,91.2,91.9,97.8,110.5,129.7,134.48,134.9,135.0
год,1999,AP_AVG,365,12.583561643835617,11.133147883026522,0.0,1.6400000000000001,3.0,5.0,9.0,16.0,31.0,48.08000000000004,91.0
год,1999,F10.7_ADJ,365,153.82986301369863,32.20387767984697,96.6,101.22,105.8,130.7,151.2,173.1,212.9,229.31600000000003,253.4
год,1999,F10.7_ADJ_LAST81,365,150.38,15.579003198515002,125.9,126.1,128.3,136.4,152.6,165.0,172.67999999999998,176.272,176.8
год,2000,AP_AVG,366,15.092896174863387,17.192132760348983,1.0,2.0,3.0,6.0,10.0,17.0,45.0,86.50000000000023,164.0
год,2000,F10.7_ADJ,366,180.38060109289614,31.164984402184164,123.9,128.63,135.10000000000002,158.625,178.35,197.0,235.3,265.7600000000001,325.1
год,2000,F10.7_ADJ_LAST81,366,180.37568306010928,10.602201061117913,158.9,159.295,161.875,172.425,182.4,189.275,195.4,201.705,202.3
год,2001,AP_AVG,365,12.997260273972604,17.538419151093233,1.0,2.0,3.0,5.0,8.0,13.0,39.80000000000001,88.96000000000015,192.0
год,2001,F10.7_ADJ,365,182.6150684931507,43.408134876030154,118.0,120.428,129.08,147.2,171.0,213.0,258.64000000000004,282.08000000000004,399.2
год,2001,F10.7_ADJ_LAST81,365,177.126301369863,21.050683702898493,151.4,151.928,154.92000000000002,160.8,170.3,186.4,219.12,221.336,221.8
год,2002,AP_AVG,365,13.164383561643836,12.080560284008072,2.0,2.0,3.0,6.0,10.0,15.0,37.0,63.360000000000014,78.0
год,2002,F10.7_ADJ,365,179.95863013698627,29.61123215178476,110.1,112.956,138.52,158.5,178.9,195.9,231.74000000000004,248.90800000000002,334.3
год,2002,F10.7_ADJ_LAST81,365,187.3591780821918,18.205881623701213,161.2,161.464,163.8,172.8,183.8,198.3,219.7,221.272,221.7
год,2003,AP_AVG,365,21.824657534246576,21.070967089147935,1.0,3.0,5.0,10.0,17.0,28.0,47.60000000000002,111.88000000000011,204.0
год,2003,F10.7_ADJ,365,129.08328767123288,29.54996922958154,83.4,87.652,94.1,110.5,125.7,139.3,172.8,258.8960000000002,294.7
год,2003,F10.7_ADJ_LAST81,365,132.07479452054795,9.55631488321846,116.5,116.8,121.08,126.1,129.6,136.4,156.42000000000002,158.44400000000002,160.6
год,2004,AP_AVG,366,13.431693989071038,18.864461938942938,0.0,2.0,3.0,5.0,9.0,15.75,30.75,126.35000000000048,186.0
год,2004,F10.7_ADJ,366,106.65027322404372,18.139105940169866,80.9,82.165,86.64999999999999,92.075,103.35,115.175,139.475,172.29000000000013,180.8
год,2004,F10.7_ADJ_LAST81,366,109.79262295081965,7.818332878030391,99.5,99.99499999999999,101.4,105.0,107.3,113.57499999999999,123.925,138.5,138.8
год,2005,AP_AVG,365,13.547945205479452,15.302123223978576,0.0,1.0,2.0,5.0,9.0,16.0,40.0,88.08000000000004,102.0
год,2005,F10.7_ADJ,365,92.48849315068495,18.791916638941476,70.7,72.228,74.42,80.0,87.9,99.6,120.22,137.04800000000006,305.6
год,2005,F10.7_ADJ_LAST81,365,93.95671232876711,5.303657263654451,81.5,81.6,82.61999999999999,90.2,95.0,97.0,102.26,104.6,104.8
год,2006,AP_AVG,365,8.526027397260274,9.237257742622695,0.0,1.0,2.0,3.0,6.0,10.0,24.0,40.88000000000011,94.0
год,2006,F10.7_ADJ,365,80.09945205479451,7.738021563740258,69.0,69.868,71.5,74.4,77.7,85.2,94.7,101.68,121.0
год,2006,F10.7_ADJ_LAST81,365,80.53835616438356,2.334690024427455,76.2,76.3,77.52,78.8,79.9,82.5,84.48,85.3,85.3
год,2007,AP_AVG,365,7.536986301369863,6.331664426448427,0.0,0.0,1.0,3.0,5.0,11.0,21.0,28.360000000000014,34.0
год,2007,F10.7_ADJ,365,73.08493150684932,5.963705961920058,65.1,66.2,66.7,68.8,71.1,75.6,86.18,89.244,91.1
год,2007,F10.7_ADJ_LAST81,365,74.09835616438356,4.378625346811884,67.4,67.4,67.7,70.6,73.8,76.2,82.58,83.3,83.3
год,2008,AP_AVG,366,6.983606557377049,5.885645793722415,0.0,1.0,1.0,3.0,5.0,9.0,18.0,30.350000000000023,36.0
год,2008,F10.7_ADJ,366,68.97978142076502,2.8650517614744486,65.2,65.86500000000001,66.4,67.4,68.3,69.5,73.875,81.62000000000003,88.2
год,2008,F10.7_ADJ_LAST81,366,69.6122950819672,1.81389966052191,67.3,67.4,67.42500000000001,67.9,69.2,71.0,72.8,72.9,73.0
год,2009,AP_AVG,365,3.9753424657534246,3.0494000861058317,0.0,0.0,1.0,2.0,3.0,5.0,9.800000000000011,16.360000000000014,24.0
год,2009,F10.7_ADJ,365,70.54849315068493,2.7737940014946467,65.8,66.6,67.4,68.8,69.9,71.3,75.5,80.47200000000001,84.2
год,2009,F10.7_ADJ_LAST81,365,69.79917808219179,1.6199560377841908,67.0,67.0,67.2,68.3,70.1,71.2,71.9,72.9,73.1
год,2010,AP_AVG,365,6.016438356164383,6.179526051801901,0.0,1.0,1.0,3.0,4.0,7.0,16.0,30.88000000000011,55.0
год,2010,F10.7_ADJ,365,79.96520547945205,5.1699650639639,70.0,70.364,72.61999999999999,75.6,79.3,84.0,88.74,91.8,93.1
год,2010,F10.7_ADJ_LAST81,365,79.17150684931507,2.551805906119802,73.1,73.3,74.7,76.9,80.2,81.3,82.0,82.536,82.6
год,2011,AP_AVG,365,7.553424657534246,7.174858466111439,0.0,0.0,1.0,3.0,5.0,9.0,22.80000000000001,38.0,45.0
год,2011,F10.7_ADJ,365,113.24630136986299,24.03241672388038,76.7,77.52799999999999,79.22,93.1,110.7,130.6,157.78,175.74,191.6
год,2011,F10.7_ADJ_LAST81,365,106.81178082191782,18.717801609555703,80.4,80.6,81.3,96.4,103.1,115.9,142.88,144.8,145.0
год,2012,AP_AVG,366,9.142076502732241,9.88240612122454,0.0,0.6499999999999999,1.25,4.0,6.0,10.0,26.75,46.35000000000002,87.0
год,2012,F10.7_ADJ,366,120.02677595628415,18.58284800529841,86.8,91.695,94.9,104.05,116.80000000000001,134.1,150.67499999999998,171.07500000000002,183.7
год,2012,F10.7_ADJ_LAST81,366,123.14508196721313,7.99154110114846,107.5,108.0,110.75,117.9,121.2,128.575,139.7,142.47,142.8
год,2013,AP_AVG,365,7.652054794520548,8.291199319208015,0.0,0.6400000000000001,1.0,3.0,5.0,9.0,22.0,42.04000000000019,72.0
год,2013,F10.7_ADJ,365,122.67616438356166,19.469398546260326,92.0,92.6,96.2,107.9,117.8,136.7,159.76000000000002,170.15200000000002,174.0
год,2013,F10.7_ADJ_LAST81,365,119.20602739726027,7.850202408625537,107.2,107.52799999999999,110.4,112.9,117.7,124.0,137.28,142.872,143.6
год,2014,AP_AVG,365,7.789041095890411,5.796161140624604,1.0,1.0,2.0,4.0,6.0,10.0,19.0,29.320000000000164,43.0
год,2014,F10.7_ADJ,365,145.93342465753423,27.05398815937148,88.9,92.46,105.5,127.1,144.8,162.6,197.02,215.90400000000002,253.3
год,2014,F10.7_ADJ_LAST81,365,144.55397260273972,8.386761339663726,130.7,131.164,132.1,136.4,147.0,151.9,155.67999999999998,156.636,156.9
год,2015,AP_AVG,365,12.301369863013699,12.457714115176302,0.0,1.0,2.0,5.0,8.0,14.0,35.80000000000001,63.600000000000136,108.0
год,2015,F10.7_ADJ,365,117.81753424657532,19.9383795083713,79.5,81.264,89.98,104.1,115.7,129.5,151.70000000000002,164.21600000000004,255.0
год,2015,F10.7_ADJ_LAST81,365,122.94000000000001,15.103479695126515,103.2,103.3,104.1,106.3,125.4,129.2,149.67999999999998,156.972,157.3
год,2016,AP_AVG,366,10.540983606557377,9.003634767685076,1.0,1.65,2.0,4.25,8.0,13.0,28.75,39.45000000000016,71.0
год,2016,F10.7_ADJ,366,88.7431693989071,11.39852885526795,68.6,69.92999999999999,71.325,79.3,87.9,96.85000000000001,109.3,114.035,119.8
год,2016,F10.7_ADJ_LAST81,366,92.52322404371584,7.794837173627523,76.0,77.36,80.64999999999999,87.42500000000001,90.9,96.8,106.05,108.67,109.0
год,2017,AP_AVG,365,10.427397260273972,10.299008544434951,1.0,1.0,2.0,4.0,7.0,13.0,28.0,47.0,106.0
год,2017,F10.7_ADJ,365,77.31068493150686,10.922389587896953,64.6,66.192,68.64,71.6,74.5,79.5,93.98,122.308,185.5
год,2017,F10.7_ADJ_LAST81,365,77.75260273972602,3.7901948496540547,70.9,70.964,73.5,74.5,77.2,78.7,84.7,85.1,85.2
год,2018,AP_AVG,365,6.923287671232877,6.405237394866823,1.0,1.0,2.0,3.0,5.0,9.0,17.0,28.800000000000068,67.0
год,2018,F10.7_ADJ,365,69.92657534246575,3.13710171903051,65.5,65.764,66.4,67.7,68.9,71.3,76.18,79.25200000000001,84.7
год,2018,F10.7_ADJ_LAST81,365,70.20164383561645,1.7259644649693389,68.0,68.1,68.3,68.8,69.4,71.3,73.5,73.5,73.5
год,2019,AP_AVG,365,6.126027397260274,5.419288592186356,0.0,1.0,1.0,3.0,5.0,7.0,15.0,27.520000000000095,44.0
год,2019,F10.7_ADJ,365,69.66630136986302,2.7295973955683874,63.4,64.72,66.9,68.2,69.1,70.1,76.2,79.336,81.8
год,2019,F10.7_ADJ_LAST81,365,69.57342465753426,1.559085582925081,67.8,67.8,67.9,68.1,69.1,71.0,72.5,72.7,72.7
год,2020,AP_AVG,366,5.308743169398907,4.152606714539453,0.0,1.0,2.0,3.0,4.0,6.0,13.75,21.40000000000009,32.0
год,2020,F10.7_ADJ,366,73.67240437158469,6.991053242254391,67.4,68.03,68.8,69.8,71.3,74.1,87.85,103.17500000000001,113.1
год,2020,F10.7_ADJ_LAST81,366,71.8639344262295,3.485383937274177,68.1,68.3,68.9,69.5,70.9,72.4,81.475,83.07000000000001,83.4
год,2021,AP_AVG,365,7.241095890410959,6.63506824862086,1.0,1.0,2.0,3.0,5.0,9.0,18.0,27.360000000000014,72.0
год,2021,F10.7_ADJ,365,81.7068493150685,11.342569441243437,68.0,69.828,70.8,74.5,77.8,85.6,105.76000000000005,123.36000000000004,135.8
год,2021,F10.7_ADJ_LAST81,365,80.50876712328767,4.979935550910659,73.1,73.1,73.2,75.4,81.3,83.8,88.36000000000001,91.308,92.1
год,2022,AP_AVG,365,10.153424657534247,7.457094899382824,0.0,1.0,2.1999999999999993,5.0,8.0,13.0,24.0,33.80000000000007,62.0
год,2022,F10.7_ADJ,365,125.01095890410959,23.537834645359002,81.0,88.88,94.22,106.9,122.0,138.8,165.08,178.99200000000008,257.0
год,2022,F10.7_ADJ_LAST81,365,120.75890410958904,12.872464389349284,92.2,92.3,94.0,111.9,127.2,130.7,132.6,134.40800000000002,135.0
год,2023,AP_AVG,365,10.87945205479452,10.756890953971528,1.0,1.0,3.0,5.0,8.0,13.0,28.80000000000001,62.440000000000055,91.0
год,2023,F10.7_ADJ,365,159.7241095890411,24.32714351575846,115.3,119.008,126.14,142.7,157.5,173.2,201.3,226.06,335.0
год,2023,F10.7_ADJ_LAST81,365,158.1408219178082,9.996241292702766,129.5,130.55599999999998,144.84,149.8,158.7,167.1,171.84,172.836,173.2
год,2024,AP_AVG,366,11.792349726775956,19.940336938060586,0.0,1.65,3.0,5.0,7.0,11.0,31.0,99.80000000000018,271.0
год,2024,F10.7_ADJ,366,191.14999999999998,40.57773784009131,111.7,120.49499999999999,131.35,165.225,181.39999999999998,218.14999999999998,255.575,303.4450000000003,345.4
год,2024,F10.7_ADJ_LAST81,366,186.08661202185795,26.509614921470988,144.7,145.03,152.35000000000002,159.7,188.25,210.64999999999998,225.67499999999998,228.14000000000001,228.7
год,2025,AP_AVG,365,15.504109589041096,14.408030025604697,1.0,2.0,4.0,7.0,11.0,19.0,38.0,74.36000000000001,137.0
год,2025,F10.7_ADJ,365,154.68904109589042,28.146994265212207,112.2,113.792,117.74000000000001,131.7,154.4,169.0,206.3,229.46800000000002,322.5
год,2025,F10.7_ADJ_LAST81,365,160.02712328767123,17.94980803407193,136.4,136.664,137.42000000000002,145.3,154.9,175.4,191.5,196.336,196.6
год,2026,AP_AVG,245,12.66530612244898,14.30759214686912,1.0,2.0,3.0,5.0,9.0,15.0,32.0,73.0,144.0
год,2026,F10.7_ADJ,245,132.55591836734695,24.628437508126037,93.7,96.3,102.38,113.8,129.2,145.6,171.79999999999998,209.524,258.1
год,2026,F10.7_ADJ_LAST81,245,135.68081632653062,7.759647574369655,123.7,123.8,124.3,127.9,135.8,141.6,148.48,150.1,150.2
цикл,19,AP_AVG,2571,16.5608712563205,19.88777094915919,0.0,2.0,3.0,6.0,11.0,20.0,46.5,99.20000000000073,280.0
цикл,19,F10.7_ADJ,2571,142.9693115519253,68.6170589125329,66.8,69.1,71.1,82.05,115.2,198.7,268.15,311.3100000000002,370.9
цикл,19,F10.7_ADJ_LAST81,2571,145.72975495915986,65.5877510443875,70.1,70.4,72.45,84.5,115.2,218.85000000000002,244.85,270.2,273.4
цикл,20,AP_AVG,4169,12.857759654593428,13.501178695568303,0.0,2.0,3.0,5.0,9.0,15.0,36.0,68.63999999999942,182.0
цикл,20,F10.7_ADJ,4169,114.19191652674502,35.13174955330765,67.1,68.4,71.0,81.1,109.7,138.5,177.0,206.12799999999987,254.1
цикл,20,F10.7_ADJ_LAST81,4169,114.21000239865675,30.792776111883413,70.4,71.1,72.8,83.3,111.4,144.1,162.1,168.42799999999988,175.9
цикл,21,AP_AVG,3836,15.538321167883211,15.355987555053478,1.0,2.0,4.0,7.0,11.0,19.0,42.0,78.65000000000009,202.0
цикл,21,F10.7_ADJ,3836,133.72601668404587,56.383677868653365,65.8,67.8,69.5,78.5,127.95,176.9,234.125,272.83,367.2
цикл,21,F10.7_ADJ_LAST81,3836,133.71639728884256,51.56069144080706,70.4,71.235,72.3,77.3,129.5,183.025,213.0,223.465,231.1
цикл,22,AP_AVG,3530,15.81728045325779,16.55596779646628,1.0,2.0,4.0,6.0,11.0,19.0,44.0,86.42000000000007,246.0
цикл,22,F10.7_ADJ,3530,135.3740226628895,59.048519242978294,65.7,68.2,70.3,83.125,119.45,181.475,243.65499999999997,288.613,359.2
цикл,22,F10.7_ADJ_LAST81,3530,135.36192634560905,54.13693714477796,69.8,70.0,70.94500000000001,82.3,123.5,193.1,217.8,226.671,236.3
цикл,23,AP_AVG,4597,12.052207961714162,14.266314696036636,0.0,1.0,2.0,5.0,8.0,14.0,34.0,65.03999999999996,204.0
цикл,23,F10.7_ADJ,4597,118.30163149880359,48.449054869039166,52.5,66.6,68.0,76.0,103.3,150.8,211.2,252.02799999999996,399.2
цикл,23,F10.7_ADJ_LAST81,4597,118.3384816184468,43.82266200867896,67.4,67.7,69.2,77.6,106.2,159.4,192.51999999999998,219.3,221.8
цикл,24,AP_AVG,4017,8.043813791386606,8.351621034121976,0.0,1.0,1.0,3.0,5.0,10.0,23.0,43.0,108.0
цикл,24,F10.7_ADJ,4017,97.79990042320138,30.047005753834416,63.4,66.4,67.78,71.7,87.7,117.2,154.6,179.53600000000006,255.0
цикл,24,F10.7_ADJ_LAST81,4017,97.79146128951956,26.938341676344365,67.0,67.3,68.2,72.4,88.2,120.3,148.32,155.4,157.3
цикл,25,AP_AVG,2454,10.352078239608803,12.461989569084327,0.0,1.0,2.0,4.0,7.0,12.0,28.0,63.4099999999994,271.0
цикл,25,F10.7_ADJ,2454,130.71943765281173,47.42908514554287,67.4,68.7,70.0,84.05,129.75,161.3,215.77499999999995,254.54699999999997,345.4
цикл,25,F10.7_ADJ_LAST81,2454,129.74788101059494,42.84732679842938,67.9,68.453,69.6,82.9,134.85000000000002,158.5,200.9,225.14699999999996,228.7
